name,priority,dec_j2000,ra_j2000,v_mag,t0_bjd_tdb,t0_unc,period_days,period_unc,min_telescope_inches,depth_r_mmag,duration_hours,rp_over_rs,sma_over_rs,inclination,eccentricity,periastron
55Cnce,high,+28:19:50.956,08:52:35.8113,5.96,2459370.807543,9.3e-05,0.73654625,1.5e-07,71.29,0.4142502071251036,1.56,0.0187,3.47,83.6,0.0,0.0
AUMicb,high,-31:20:27.241,20:45:09.5323,8.627,2458330.39051,0.00015,8.463,2e-06,11.0,3.0562459725674302,3.51,0.0496,19.1,89.5,0.0,0.0
AUMicc,high,-31:20:27.241,20:45:09.5323,8.627,2458342.2223,0.0005,18.859019,1.6e-05,17.86,1.8042897910337843,4.51,0.0395,29.0,89.0,0.0,0.0
CoRoT-1b,low,-03:06:07.710,06:48:19.1723,13.6,2456268.99119,0.00012,1.50896877,8e-08,9.23,22.608855748872315,2.51,0.1388,4.92,85.1,0.0,0.0
CoRoT-2b,low,+01:23:01.357,19:27:06.4944,12.568,2457683.44158,0.00016,1.74299705,1.5e-07,6.08,34.05136702568351,2.28,0.1667,6.7,87.84,0.0,0.0
CoRoT-3b,high,+00:07:18.614,19:28:13.2642,13.292,2454283.13388,0.00024,4.2567994,3.5e-06,18.86,4.897358004234558,3.77,0.06632,7.955,86.1,0.0,0.0
CoRoT-5b,low,+00:48:54.905,06:45:06.5406,14.018,2456665.4696,0.00065,4.0379156,1.2e-06,10.62,13.743901316395101,2.77,0.1155,9.54,85.68,0.0,0.0
CoRoT-10b,alert,+00:44:46.003,19:24:15.2868,15.216,2454273.3443,0.0012,13.2406,0.0002,20.56,14.102918162570193,3.02,0.127,31.3,88.55,0.53,218.9
CoRoT-11b,low,+05:56:15.652,18:42:44.9499,12.939,2456019.9622,0.00037,2.99427803,4.9e-07,7.9,10.825738746202706,2.49,0.107,6.89,83.17,0.0,0.0
CoRoT-19b,medium,-00:10:14.532,06:28:08.0586,14.007,2455701.7154,0.00048,3.8971379,1.6e-06,17.81,7.438092607935193,4.7,0.0786,6.7,88.0,0.0,0.0
CoRoT-36b,alert,+07:11:00.110,18:31:00.2424,13.14,2455662.52236,0.00034,5.616531,2.3e-05,7.93,11.157138911902788,5.14,0.1004987562112089,7.879971994507743,85.83,0.0,0.0
DSTucAb,high,-69:11:44.709,23:39:39.4809,8.47,2458332.31077,0.00026,8.138268,1.1e-05,9.77,3.6177851422259044,3.18,0.05419,20.35,89.5,0.0,0.0
EPIC211945201b,high,+19:24:08.051,09:06:17.7565,10.15,2458094.44793,0.00024,19.4921498,7.7e-06,24.76,1.5189174261253795,3.91,0.0407,23.1,87.9,0.0,0.0
EPIC246851721b,high,+16:16:43.518,05:15:40.7537,11.24,2458439.87506,0.00025,6.1802679,2e-06,9.8,4.961796925342907,4.1,0.068,9.8,86.21,0.0,0.0
G9-40b,medium,+21:04:34.202,08:58:52.3299,13.821,2458319.65105,0.00013,5.7459996,2e-06,26.13,3.9215686274509802,1.33,0.0605,27.0,88.57,0.0,0.0
GJ357b,high,-21:39:38.878,09:36:01.6372,10.906,2458824.588,0.00091,3.930623,1e-05,35.37,1.3163951026419956,1.53,0.0331,19.4,89.12,0.0,0.0
GJ367b,high,-45:46:35.427,09:44:29.8367,9.979,2458544.1348,0.0004,0.321962,1e-05,235.77,0.23013900395839085,0.63,0.0143,3.41,80.75,0.0,0.0
GJ436b,low,+26:42:23.658,11:42:11.0933,10.613,2455290.751684,5.2e-05,2.643897621,9.6e-08,9.01,6.443892110834944,0.99,0.0831,14.367,86.7,0.0,0.0
GJ486b,high,+09:45:05.031,12:47:56.6249,11.395,2458931.15935,0.00042,1.467119,3.1e-05,34.61,1.6385897081837428,1.03,0.0366,10.94,88.6,0.0,0.0
GJ1132b,high,-47:09:24.189,10:14:51.7783,13.49,2458031.60114,0.00011,1.6289304,1.3e-06,45.05,3.1206848936757803,0.76,0.051,16.0,88.6,0.0,0.0
GJ1214b,low,+04:57:50.064,17:15:18.9337,15.1,2455886.320526,2.3e-05,1.580404571,4.2e-08,13.24,17.28804197735432,0.87,0.116,15.31,89.3,0.0,0.0
GJ1252b,high,-56:27:25.156,20:27:42.0813,12.68,2458876.9451,0.00086,0.5182464,2.3e-06,103.41,0.9205560158335634,0.74,0.02802,5.05,85.0,0.0,0.0
GJ3090b,high,-46:42:51.764,01:21:45.3901,11.403,2458370.41849,0.00034,2.853136,6.4e-05,35.05,1.5557396667587222,1.33,0.0379,13.18,87.14,0.0,0.0
GJ3470b,low,+15:23:29.240,07:59:05.8395,12.33,2456974.68988,5.9e-05,3.3366524,1.4e-07,10.34,7.0790757617601034,1.91,0.0764,13.9,88.9,0.017,1.7
GJ3473b,high,+03:20:19.692,08:02:22.8828,13.74,2458492.20408,0.00043,1.1980035,1.8e-06,121.13,1.2243395010586395,0.95,0.03184,9.39,87.95,0.0,0.0
GJ3929b,high,+35:24:24.279,15:58:18.7976,12.766,2458956.3962,0.0005,2.616235,5e-06,351.05,0.2853723649084047,1.08,0.0156,16.8,88.442,0.0,0.0
GJ9827b,high,-01:17:10.585,23:27:04.8376,10.1,2457831.9172,0.00026,1.2089749,1e-06,75.55,0.681211451716837,1.27,0.024,6.72,86.1,0.0,0.0
GJ9827c,high,-01:17:10.585,23:27:04.8376,10.1,2457851.64378,0.00075,3.6481145,9.6e-06,109.72,0.4234557672834392,1.82,0.01887,14.04,88.19,0.0,0.0
GJ9827d,high,-01:17:10.585,23:27:04.8376,10.1,2457740.9611,0.0004,6.20147,6e-05,67.39,0.7732670533001933,1.22,0.0307,20.0,87.44,0.0,0.0
GPX-1b,low,+56:01:32.588,02:33:28.5998,12.319,2458770.23823,0.0004,1.744579,8e-06,8.56,8.588787627727147,2.12,0.095,4.67,79.9,0.0,0.0
Gaia-1b,low,-00:34:36.965,06:02:34.4736,13.195,2458468.68524,0.00057,3.052524,1.7e-05,8.18,18.61364264015465,2.32,0.1325,9.13,85.73,0.0,0.0
Gaia-2b,low,+67:15:09.190,07:22:56.4611,11.28,2458843.98875,0.00019,3.6915224,3.9e-06,5.0,16.717297247537513,2.83,0.1276,8.669,85.21,0.0,0.0
HAT-P-1b,low,+38:40:30.355,22:57:46.8443,9.87,2456476.03405,0.00019,4.46529913,3.7e-07,5.0,14.020068121145172,2.88,0.11802,9.85,85.63,0.0,0.0
HAT-P-2b,low,+41:02:53.109,16:20:36.3579,8.69,2458657.66292,0.00011,5.63346785,6.1e-07,5.0,6.09408082481819,4.31,0.07227,8.99,86.72,0.5171,185.22
HAT-P-3b,low,+48:01:43.206,13:44:22.5939,11.86,2456843.022438,8.1e-05,2.89973815,1.3e-07,5.0,13.016662063886587,2.08,0.1063,10.4,87.1,0.0,0.0
HAT-P-4b,medium,+36:13:46.737,15:19:57.9205,11.12,2455584.57238,0.00018,3.05652301,2.9e-07,5.11,9.058271195802265,4.25,0.086,6.0,89.7,0.0,0.0
HAT-P-5b,low,+36:37:17.168,18:17:37.3127,11.95,2457155.73168,0.00011,2.78847323,1.5e-07,5.09,14.342262726686918,2.94,0.1106,7.5,86.8,0.0,0.0
HAT-P-6b,low,+42:27:57.503,23:39:05.8101,10.47,2456100.88331,0.0002,3.85299668,3.6e-07,5.0,9.52775476387738,3.51,0.0934,7.69,85.5,0.0,0.0
HAT-P-7b,ttvs,+47:58:10.216,19:28:59.3538,10.48,2455739.244382,1.3e-05,2.204736003,4.9e-08,5.89,6.821320077326705,3.95,0.0781,4.03,82.2,0.0016,165.0
HAT-P-8b,low,+35:26:49.606,22:52:09.8635,10.36,2456052.75596,0.00024,3.07634347,5.8e-07,5.0,10.070882813219184,3.93,0.0921,6.29,87.1,0.0,0.0
HAT-P-9b,low,+37:08:26.342,07:20:40.4562,12.34,2456489.15311,0.00019,3.92281131,3.9e-07,5.85,12.961428702936573,3.34,0.107,8.5,86.4,0.08,152.0
HAT-P-11b,low,+48:04:51.097,19:50:50.2474,9.461,2455798.515261,2.3e-05,4.88780201,1.7e-07,8.69,4.041240909509344,2.34,0.0576,15.58,88.5,0.2,355.2
HAT-P-12b,low,+43:29:36.602,13:57:33.4668,12.84,2456851.481119,6e-05,3.21305762,1.5e-07,5.98,25.398140476848017,2.34,0.1406,11.77,89.0,0.0,0.0
HAT-P-13b,low,+47:21:07.275,08:39:31.8073,10.42,2455631.47279,0.00019,2.91624268,4.7e-07,5.73,7.594587130626898,3.32,0.0844,5.8,83.4,0.021,181.0
HAT-P-14b,low,+38:14:31.909,17:20:27.8782,9.99,2457304.81275,0.00015,4.62766098,3.4e-07,7.84,5.164319248826291,2.35,0.0805,8.51,83.77,0.0,0.0
HAT-P-15b,high,+39:27:38.312,04:24:59.5347,12.41,2456159.44417,0.00017,10.86345165,8.9e-07,5.4,12.436711773911442,5.45,0.1019,19.2,89.1,0.19,262.0
HAT-P-16b,low,+42:27:47.216,00:38:17.5584,10.91,2457237.26396,0.00013,2.77596748,2.1e-07,5.0,13.302034428794991,3.07,0.1071,7.2,86.6,0.036,214.0
HAT-P-17b,medium,+30:29:19.445,21:38:08.7311,10.38,2456703.460703,5e-05,10.33853522,7e-07,5.0,18.75172604252969,4.04,0.1238,22.6,89.2,0.342,201.0
HAT-P-18b,low,+33:00:44.939,17:05:23.1475,12.759,2457408.449133,8.1e-05,5.50802941,5.3e-07,6.93,22.35110006443892,2.71,0.1356,16.39,88.53,0.0,0.0
HAT-P-19b,low,+34:42:41.552,00:38:04.0136,12.901,2456927.55807,0.00011,4.00878423,4.4e-07,7.43,24.357912178956088,2.87,0.1418,12.2,88.2,0.07,256.0
HAT-P-20b,low,+24:20:11.518,07:27:39.9487,11.35,2457959.12043,5.6e-05,2.87531773,1.1e-07,5.0,18.208597993187887,1.86,0.1284,11.2,86.8,0.015,317.0
HAT-P-21b,low,+41:01:40.669,11:25:05.9858,11.46,2458159.89639,0.00027,4.12448852,6.9e-07,5.82,10.236582896069224,3.71,0.095,9.6,87.2,0.228,309.0
HAT-P-22b,low,+50:07:42.063,10:22:43.5924,9.76,2458261.30598,6.9e-05,3.21223218,1.9e-07,5.0,13.32965110927,2.86,0.1065,8.6,86.9,0.016,156.0
HAT-P-23b,low,+16:45:43.810,20:24:29.7235,11.94,2457742.57379,7.2e-05,1.212886397,7.4e-08,6.21,16.091319156770687,2.19,0.1162,4.55,85.7,0.0,0.0
HAT-P-24b,medium,+14:15:45.409,07:15:18.0194,11.76,2458011.8958,0.00014,3.35524439,2.6e-07,5.27,11.295222314277822,3.72,0.097,7.6,88.6,0.067,197.0
HAT-P-25b,low,+25:11:50.687,03:13:44.4981,13.15,2457759.39314,0.00015,3.65281524,3.7e-07,8.53,19.405320813771517,2.81,0.1269,10.9,88.2,0.023,287.0
HAT-P-26b,low,+04:03:36.117,14:12:37.5329,11.76,2456901.059458,9.4e-05,4.2345002,6.4e-07,9.35,6.701647795268342,2.32,0.0737,13.1,88.6,0.12,54.0
HAT-P-27b,low,+05:56:50.548,14:51:04.1870,12.19,2457128.31066,0.00013,3.03957804,2.4e-07,5.94,12.961428702936573,1.68,0.119,9.7,84.7,0.08,63.0
HAT-P-28b,medium,+34:43:42.203,00:52:00.1877,13.03,2458134.11472,0.0003,3.25721296,8e-07,8.59,15.419313265212187,3.31,0.113,8.4,88.0,0.05,233.0
HAT-P-29b,medium,+51:46:43.562,02:12:31.4784,11.83,2457652.90414,0.00048,5.7233685,2.2e-06,6.68,9.122710116910614,3.9,0.0885,11.6,88.0,0.07,203.0
HAT-P-30b,low,+05:50:12.352,08:15:47.9805,10.35,2457825.80333,0.00011,2.81060097,2.1e-07,5.0,11.019055509527755,2.25,0.1109,6.771,82.7,0.0,0.0
HAT-P-31b,high,+26:25:35.989,18:06:09.0499,11.67,2458940.75332,0.00034,5.0052702,3.1e-06,7.6,7.060664641443432,4.77,0.08,9.34,87.1,0.245,274.3
HAT-P-32b,low,+46:41:16.210,02:04:10.2775,11.44,2456265.154123,4.4e-05,2.150008197,8.9e-08,5.0,27.055141305348428,3.13,0.1489,5.34,89.0,0.16,50.0
HAT-P-33b,low,+33:50:06.118,07:32:44.2170,11.03,2458078.129918,8.8e-05,3.47447703,1.8e-07,5.0,13.256006628003314,4.43,0.1058,6.3889,87.2,0.0,0.0
HAT-P-34b,medium,+18:06:17.399,20:12:46.8867,10.4,2458708.63767,0.00018,5.45264682,9.2e-07,5.45,7.530148209518549,3.53,0.08,9.5,87.1,0.44,20.0
HAT-P-35b,medium,+04:47:13.417,08:13:00.1786,11.59,2457620.79024,0.00037,3.6466584,9e-07,6.71,10.752094264936021,3.98,0.0954,7.45,87.3,0.025,248.0
HAT-P-36b,low,+44:54:55.197,12:33:03.9061,12.15,2457885.383994,9.4e-05,1.327346813,9.7e-08,6.21,19.01868728712142,2.22,0.126,4.67,85.2,0.063,51.0
HAT-P-37b,low,+51:16:08.849,18:57:11.0562,13.23,2457938.84392,0.00016,2.79744256,4.1e-07,9.72,22.259044462855563,2.36,0.1394,9.19,86.7,0.0,0.0
HAT-P-38b,low,+32:14:46.090,02:21:31.9802,12.51,2457570.76143,0.00011,4.64032787,8.8e-07,7.4,10.098499493694192,3.16,0.0918,12.2,88.3,0.07,240.0
HAT-P-39b,low,+17:49:48.234,07:35:01.9794,12.422,2458089.92057,0.00019,3.5438737,3.4e-07,5.78,11.525361318236214,4.2,0.099,6.74,87.0,0.0,0.0
HAT-P-40b,medium,+45:27:26.515,22:22:03.0875,11.34,2456651.13368,0.00042,4.4572184,1.2e-06,6.05,7.90757617601031,6.17,0.0807,5.92,88.3,0.0,0.0
HAT-P-41b,low,+04:40:20.783,19:49:17.4399,11.36,2458071.24389,0.00015,2.69404968,9.6e-07,5.0,12.676056338028168,4.12,0.1028,5.44,87.7,0.0,0.0
HAT-P-42b,medium,+06:05:50.015,09:01:22.6490,12.17,2458941.87092,0.0002,4.64183885,8.7e-07,7.81,8.229770781552057,4.04,0.086,8.1,85.9,0.0,0.0
HAT-P-43b,low,+10:12:23.923,08:35:42.1747,13.36,2458223.6022,0.00011,3.33268054,4e-07,8.38,17.48135874067937,3.26,0.1193,8.64,88.7,0.0,0.0
HAT-P-44b,low,+47:00:53.045,14:12:34.5714,13.21,2457679.78645,0.00028,4.30119043,8.2e-07,7.45,22.507594587130626,3.21,0.1343,11.5,89.1,0.0,0.0
HAT-P-45b,low,-03:22:51.739,18:17:29.5774,12.79,2458082.99115,0.00035,3.12899506,5.9e-07,6.31,14.664457332228665,3.48,0.111,7.4,87.8,0.0,0.0
HAT-P-46b,high,-02:58:15.459,18:01:46.6086,11.94,2456736.78473,0.00028,4.46313574,8.6e-07,6.21,9.665838166252415,3.1,0.0942,8.9,85.5,0.12,70.0
HAT-P-49b,low,+26:41:33.603,20:21:45.9297,10.326,2459013.12497,0.0002,2.69155536,5.4e-07,5.29,7.3368314461935,4.14,0.0792,5.13,86.2,0.0,0.0
HAT-P-50b,medium,+12:08:21.838,07:52:15.2179,11.762,2458402.63014,0.00022,3.12200511,5e-07,8.38,6.637208874159993,3.73,0.0782,5.68,83.7,0.0,0.0
HAT-P-51b,low,+32:48:38.777,01:24:15.6413,13.44,2458345.31404,0.00019,4.21802122,6.5e-07,8.01,19.994476663904997,3.36,0.1278,10.5,88.5,0.0,0.0
HAT-P-52b,low,+29:01:20.522,02:50:53.2003,14.068,2458233.96601,0.0002,2.7535976,3.6e-07,9.51,15.87959127312897,2.41,0.116,8.9,87.0,0.0,0.0
HAT-P-53b,low,+38:58:05.259,01:27:29.0645,13.733,2457898.96242,0.00039,1.96162371,5.2e-07,8.77,14.830157415078707,2.83,0.112,5.6,86.2,0.0,0.0
HAT-P-54b,low,+25:28:57.157,06:39:35.5182,13.505,2458624.814979,9.8e-05,3.79985297,3.8e-07,7.26,24.90104022829789,1.8,0.1572,14.34,87.04,0.0,0.0
HAT-P-55b,low,+25:43:52.254,17:37:05.6338,13.207,2458279.65563,0.0002,3.58523207,7.2e-07,7.56,17.057902973395933,2.94,0.1202,9.8,87.7,0.0,0.0
HAT-P-56b,low,+27:15:08.212,06:43:23.5327,10.8,2458459.75023,0.00016,2.790825,3.7e-07,5.07,9.813127128785787,2.3,0.1054,6.37,82.13,0.0,0.0
HAT-P-57b,medium,+10:35:50.127,18:18:58.4251,10.64,2457598.49926,0.00037,2.46529488,4.6e-07,5.0,10.982233268894412,3.52,0.0968,5.83,88.3,0.0,0.0
HAT-P-58b,low,+56:52:05.584,04:35:23.1828,12.925,2457369.03094,0.00056,4.0138379,2.4e-06,9.36,9.039860075485594,4.17,0.0895,7.02,85.64,0.0,0.0
HAT-P-59b,low,+62:31:45.177,19:29:50.0700,11.901,2458900.19541,0.00013,4.1419776,2e-06,6.33,10.107705053852527,2.35,0.10452,9.87,85.18,0.0,0.0
HAT-P-60b,high,+52:03:14.020,01:53:07.7732,9.71,2458360.94029,0.00056,4.7947813,2.4e-06,5.63,6.15851974592654,5.07,0.07622,6.146,83.75,0.0,0.0
HAT-P-61b,low,+50:07:52.574,05:01:55.2577,13.188,2457851.21119,0.00047,1.90231289,7.7e-07,11.09,9.582988124827395,1.67,0.0984,6.9,83.62,0.0,0.0
HAT-P-62b,low,+48:18:03.756,04:58:01.0287,12.539,2457332.66095,0.00024,2.64532306,9.5e-07,6.56,10.807327625886035,3.12,0.0942,6.93,87.93,0.0,0.0
HAT-P-64b,low,+02:25:52.643,04:35:53.8468,12.855,2457751.46354,0.00063,4.007232,1.7e-06,6.45,12.1421338488447,4.96,0.1007,6.67,88.01,0.0,0.0
HAT-P-65b,medium,+11:59:21.818,21:03:37.3130,13.16,2458280.04462,0.00018,2.60544724,5e-07,7.96,12.676056338028168,4.43,0.1045,4.57,84.2,0.0,0.0
HAT-P-66b,low,+53:57:03.201,10:02:17.4467,12.99,2458248.50549,0.00033,2.972089,1.1e-06,9.33,9.04906563564393,4.74,0.0872,5.01,86.2,0.0,0.0
HAT-P-67b,high,+44:46:37.067,17:06:26.5609,10.11,2458770.48632,0.00031,4.8101042,1.8e-06,5.0,8.41388198471877,7.0,0.0834,5.69,88.8,0.0,0.0
HAT-P-68b,low,+23:56:17.611,07:53:55.9827,13.802,2458140.34562,0.00011,2.29840555,1.8e-07,10.08,34.98112860167541,2.1,0.1644,9.6,88.73,0.0,0.0
HAT-P-69b,medium,+03:42:38.022,08:42:01.3561,9.77,2459170.75396,0.00016,4.7869883,3.3e-06,5.0,8.726871030102181,5.15,0.08703,7.32,87.19,0.0,0.0
HAT-P-70b,low,+09:59:52.803,04:58:12.5627,9.47,2459089.978883,8.9e-05,2.74431939,9.8e-07,5.0,10.494338580502623,3.67,0.09887,5.31,83.5,0.0,0.0
HATS-1b,medium,-23:21:17.428,11:42:06.0805,12.059,2458711.86936,0.00019,3.4464563,7.6e-07,5.85,17.647058823529413,2.5,0.1288,9.2,85.6,0.12,18.0
HATS-2b,low,-22:33:46.816,11:46:57.3702,13.62,2457108.30842,0.0001,1.354133683,8.6e-08,9.1,22.03811101905551,2.09,0.1335,5.5,87.2,0.0,0.0
HATS-3b,medium,-24:25:43.539,20:49:49.7852,12.43,2456599.44946,0.00013,3.54785091,5e-07,5.22,11.645033600294578,3.62,0.1011,7.42,86.2,0.0,0.0
HATS-4b,low,-22:32:48.815,06:16:26.9016,13.459,2458219.36583,0.00023,2.51672679,4.2e-07,8.01,15.75071343091227,2.5,0.113,8.43,88.5,0.0,0.0
HATS-5b,low,-21:28:55.062,04:28:53.4831,12.63,2456726.31351,0.00013,4.76338959,6.4e-07,6.04,14.415907207953603,3.0,0.1076,13.4,89.3,0.019,204.0
HATS-6b,low,-19:01:53.970,05:52:35.2366,15.16,2457112.60363,0.00011,3.32526424,3.7e-07,11.99,38.46083034152628,2.05,0.1798,13.65,88.21,0.0,0.0
HATS-7b,low,-21:12:27.722,13:55:25.6669,13.34,2457340.55196,0.00035,3.1853109,1e-06,17.11,6.121697505293197,2.3,0.0711,10.6,87.9,0.0,0.0
HATS-9b,medium,-20:09:58.849,19:23:14.4314,13.276,2457380.70329,4e-05,1.915311,9e-07,13.55,6.342630949093252,3.53,0.072,4.36,86.5,0.0,0.0
HATS-10b,medium,-22:12:16.115,19:37:13.6352,13.113,2456706.34481,0.0003,3.3128281,1.3e-06,8.82,9.711865967044094,3.03,0.0903,8.7,87.8,0.0,0.0
HATS-11b,medium,-22:23:23.721,19:17:36.1800,14.018,2457338.608479,6.7e-05,3.6191546,1e-06,9.8,14.130534843045199,4.4,0.108,6.88,88.3,0.0,0.0
HATS-13b,medium,-26:05:48.033,21:07:50.7511,13.887,2457375.29601,0.00019,3.04405362,4.7e-07,9.22,24.10936205468103,2.64,0.1402,9.82,88.5,0.0,0.0
HATS-17b,high,-47:36:49.287,12:48:45.5453,12.39,2458390.77872,0.00067,16.254688,1.1e-05,9.9,6.250575347509896,4.78,0.073,25.8,89.1,0.0,0.0
HATS-18b,low,-29:09:21.755,11:35:49.7771,14.067,2458217.64374,0.00016,0.8378434,1.6e-07,9.94,26.07935192856485,1.94,0.1456,3.78,86.66343950049071,0.0,0.0
HATS-22b,medium,-29:32:35.957,11:36:02.3390,13.46,2458278.17664,0.00017,4.72281727,8.1e-07,8.47,23.943661971830988,2.19,0.143,15.7,87.96,0.08,56.0
HATS-23b,low,-50:04:02.445,19:05:28.0082,13.9,2457580.57342,0.00041,2.1605107,1.2e-06,10.23,13.891190278928471,1.83,0.159,6.08,81.02,0.0,0.0
HATS-24b,low,-61:44:50.367,17:55:33.7673,12.83,2458912.88473,0.00013,1.34849689,2.7e-07,7.43,20.463960231980117,2.45,0.131,4.67,86.6,0.0,0.0
HATS-25b,high,-23:46:52.255,13:51:37.8639,13.1,2458426.47971,0.00021,4.29864716,8.1e-07,8.1,15.511368866795545,3.22,0.117,10.0,86.9,0.0,0.0
HATS-26b,high,-28:35:08.098,09:39:42.4488,12.96,2458422.8508,0.00057,3.3023928,2.3e-06,8.9,9.21476571849397,5.28,0.088,5.0,86.2,0.0,0.0
HATS-27b,low,-46:35:15.785,12:54:12.6109,12.77,2458309.16373,0.00039,4.6370496,2.1e-06,8.47,9.306821320077326,4.89,0.089,7.5,87.3,0.0,0.0
HATS-29b,medium,-54:53:35.450,19:00:23.1569,12.61,2457925.49744,0.00037,4.6058787,1.7e-06,6.11,16.588419405320813,3.22,0.12,11.0,87.4,0.0,0.0
HATS-30b,medium,-59:56:33.245,00:22:28.4920,12.205,2458378.82983,0.00016,3.17435131,5.9e-07,6.05,14.830157415078707,2.76,0.1137,8.8,86.8,0.0,0.0
HATS-31b,medium,-24:25:38.568,12:46:48.6784,13.11,2458193.0945,0.001,3.3779344,2.8e-06,9.75,9.518549203719045,4.64,0.091,5.5,85.0,0.0,0.0
HATS-33b,low,-55:19:48.378,19:38:32.0768,11.91,2458840.28135,0.00017,2.54956317,8.2e-07,5.4,18.53079259872963,2.7,0.124,7.8,87.6,0.0,0.0
HATS-34b,medium,-62:28:09.616,00:03:05.8703,13.85,2458241.85896,0.00034,2.10616098,8.2e-07,10.72,13.47694007180337,1.56,0.15,6.96,82.28,0.0,0.0
HATS-35b,low,-63:33:56.137,19:46:45.1810,12.56,2458604.31463,0.00016,1.82100088,2.8e-07,6.79,13.2007732670533,3.15,0.1051,4.79,86.9,0.0,0.0
HATS-37Ab,alert,-22:59:12.730,13:19:12.4636,12.341,2458006.80225,0.0005,4.3315366,4.1e-06,10.08,6.2137531068765535,2.92,0.0707,12.05,89.33,0.0,0.0
HATS-38b,alert,-25:16:34.556,10:17:05.0796,11.97,2457725.16121,0.00072,4.375021,1e-05,17.96,3.7466629844426036,3.22,0.057,9.81,87.21,0.0,0.0
HATS-39b,medium,-29:56:16.420,07:29:40.6108,12.75,2457704.38304,0.00039,4.5776335,2.3e-06,7.87,10.218171775752554,3.73,0.099,8.0,85.0,0.0,0.0
HATS-40b,high,-29:46:36.494,06:42:17.1043,13.38,2457217.29095,0.0004,3.2642813,1.8e-06,16.03,6.09408082481819,5.39,0.072,4.74,85.8,0.0,0.0
HATS-41b,medium,-27:03:01.422,06:54:04.1655,12.68,2458754.16506,0.00042,4.1936623,1.5e-06,14.3,6.02964190370984,2.27,0.08,7.3,80.4,0.38,136.0
HATS-42b,medium,-33:26:14.401,07:13:48.5748,13.62,2458290.56434,0.00033,2.29210275,6.4e-07,10.36,11.00984994936942,3.29,0.0976,5.36,85.1,0.0,0.0
HATS-43b,medium,-30:58:15.011,05:22:09.1675,13.59,2458338.30607,0.00014,4.3888492,1e-06,9.1,28.030930682132006,3.15,0.1492,13.0,89.2,0.17,330.0
HATS-45b,high,-21:54:38.617,06:47:58.6224,13.31,2457983.29452,0.0005,4.1876194,1.9e-06,9.76,10.475927460185952,3.06,0.1,9.0,85.6,0.0,0.0
HATS-46b,medium,-56:18:58.081,00:26:48.5936,13.63,2458320.41791,0.00034,4.7423693,2e-06,10.08,12.915400902144894,2.42,0.109,13.6,87.32,0.0,0.0
HATS-47b,low,-49:39:53.868,19:09:56.2503,14.805,2458659.88275,0.0005,3.9228021,2.4e-06,11.95,32.30231059559974,1.88,0.1722,15.53,87.58644403682541,0.0,0.0
HATS-48Ab,medium,-59:34:45.757,19:14:41.2747,14.35,2457955.49543,0.00017,3.13166726,5.7e-07,11.59,17.159164135137623,2.35,0.1148,11.33,89.58,0.0,0.0
HATS-50b,medium,-26:04:39.292,20:01:42.7298,14.07,2456870.34792,0.00068,3.8297015,4.6e-06,9.99,12.574795176286477,3.08,0.1038,9.72,87.54,0.0,0.0
HATS-51b,medium,-29:03:31.045,06:51:23.4013,12.471,2458816.90482,0.00022,3.34886782,8.2e-07,5.88,12.04087268710301,3.32,0.101,7.93,87.1,0.0,0.0
HATS-52b,low,-31:16:09.491,09:20:21.0456,13.669,2458731.65067,0.0002,1.36665617,2.8e-07,9.1,21.007088281321916,2.12,0.135,5.14,84.7,0.0,0.0
HATS-53b,low,-33:51:36.203,11:46:30.8411,13.944,2458281.1312,0.00023,3.85377818,8.8e-07,9.16,19.1935929301298,3.51,0.125,9.3,88.78,0.0,0.0
HATS-55b,low,-32:45:19.515,07:37:08.0193,13.489,2459229.3389,0.0012,4.2041844,3e-06,8.27,17.536592101629385,2.63,0.1237,12.43,87.78690152997163,0.0,0.0
HATS-56b,alert,-45:47:57.995,12:00:39.6300,11.48,2458890.81912,0.00032,4.3247662,1.9e-06,7.81,6.517536592101629,4.69,0.0789,5.902,83.29,0.0,0.0
HATS-57b,low,-19:03:24.326,04:03:47.6005,11.59,2458697.58795,0.00019,2.35061721,6.2e-07,5.62,18.02448679002117,2.5,0.1218,7.82,87.88,0.0,0.0
HATS-58Ab,medium,-48:58:42.227,12:27:08.9728,11.572,2459036.64202,0.00046,4.2180733,3.1e-06,8.95,6.563564392893308,3.19,0.0786,8.71,85.69,0.0,0.0
HATS-60b,low,-14:59:30.345,22:45:27.3643,12.641,2458824.02814,0.00065,3.5608104,3.7e-06,9.11,7.659026051735248,3.88,0.081,6.93,86.3,0.0,0.0
HATS-61b,high,-25:20:58.954,04:06:37.8675,13.247,2459150.6509,0.0071,7.817932,5.6e-05,12.71,6.250575347509896,5.54,0.0738,10.23,87.15,0.0,0.0
HATS-62b,medium,-24:18:12.496,20:49:47.8333,14.171,2455808.05158,0.00043,3.2768837,3.3e-06,9.74,16.22019699898739,2.78,0.1159,9.59,87.92,0.0,0.0
HATS-64b,alert,-29:48:01.574,09:37:09.0299,12.924,2458265.6222,0.0011,4.9088963,7.2e-06,9.44,7.870753935376968,5.82,0.0817,6.68,87.2,0.0,0.0
HATS-65b,medium,-26:44:24.724,19:31:45.5518,12.497,2458669.87103,0.00018,3.10515933,6.2e-07,6.01,14.793335174445364,2.9,0.118,7.38,84.8,0.0,0.0
HATS-67b,low,-46:08:11.124,12:00:50.1182,13.653,2457796.8820709,4.9e-06,1.60918324,5.1e-07,9.04,12.869373101353217,1.98,0.1201,4.53,79.0,0.0,0.0
HATS-68b,low,-58:54:17.124,01:00:01.4134,12.281,2458798.2767,0.00047,3.5862211,2.4e-06,11.98,5.339224891834668,3.46,0.0725,6.23,83.21,0.0,0.0
HATS-70b,medium,-31:14:39.858,07:16:25.0880,12.23,2458309.17297,0.00047,1.88823968,7.6e-07,11.95,6.324219828776581,3.67,0.074,4.17,86.7,0.0,0.0
HATS-72b,high,-16:59:59.788,22:36:06.3189,12.469,2458124.28757,4.5e-05,7.3279496,1.4e-06,5.97,13.62422903433674,3.09,0.1029,19.821,89.56,0.0,0.0
HD1397b,high,-66:21:32.064,00:17:47.1522,7.78,2458332.0826,0.0006,11.5353,0.0008,9.81,2.4855012427506216,8.56,0.0449,9.2,88.7,0.22,35.3
HD2685b,high,-76:18:14.623,00:29:18.9527,9.59,2458726.093504,8.9e-05,4.1269052,1e-06,5.0,10.73368314461935,4.49,0.09467,7.697,89.25,0.091,184.36
HD3167b,high,+04:22:53.283,00:34:57.5243,8.956,2457394.3745,0.0004,0.959641,1.2e-05,103.98,0.3498112860167541,1.64,0.0174,4.1,83.4,0.0,0.0
HD3167c,high,+04:22:53.283,00:34:57.5243,8.956,2457394.9788,0.0012,29.8454,0.0012,26.08,1.1138727791586118,4.82,0.03075,44.01,89.421,0.0,0.0
HD5278b,high,-83:44:38.033,00:50:09.9047,7.95,2458695.03676,0.00069,14.339169,3.6e-05,64.41,0.4142502071251036,4.81,0.01874,21.2,89.27,0.08,135.0
HD15906b,high,-10:21:06.411,02:33:05.2824,9.76,2458416.3453,0.0034,10.924709,3.2e-05,61.64,0.6443892110834943,1.81,0.027,25.35,87.98,0.11,160.5
HD15906c,high,-10:21:06.411,02:33:05.2824,9.76,2457430.8296,0.0027,21.583298,5.2e-05,38.9,0.9757893767835772,2.17,0.035,39.92,88.75,0.04,247.9
HD17156b,medium,+71:45:11.632,02:49:44.4866,8.16,2455499.305815,8.2e-05,21.2164387,1.1e-06,5.0,6.342630949093252,3.13,0.0745,23.2,86.49,0.677,121.7
HD21749c,high,-63:29:56.762,03:26:59.2226,8.143,2458371.2287,0.0016,7.78993,0.00051,169.0,0.17490564300837705,2.52,0.01196,21.8,88.9,0.0,0.0
HD23472c,high,-62:46:01.477,03:41:50.3987,9.72,2458370.1037,0.0019,29.79749,0.00013,61.17,0.5707447298168093,2.96,0.0243,50.2,89.095,0.063,2.0
HD23472f,high,-62:46:01.477,03:41:50.3987,9.72,2458360.0754,0.0049,12.1621839,0.00012,142.58,0.24855012427506215,2.75,0.01478,28.0,88.81,0.07,4.0
HD28109c,high,-68:06:09.514,04:20:57.1321,9.38,2458377.80109,0.00724,56.00819,0.00194,36.74,0.8100892939335358,8.97,0.02632,45.76188461196509,89.543,0.0,0.0
HD28109d,high,-68:06:09.514,04:20:57.1321,9.38,2458355.67324,0.00432,84.25999,0.00744,62.71,0.4694835680751174,10.14,0.01999,61.07977665026642,89.682,0.0,0.0
HD63433b,high,+27:21:47.458,07:49:55.0604,6.91,2459342.92881,0.00047,7.107939,1.1e-05,45.99,0.5707447298168093,3.22,0.02161,16.95,89.38,0.0,0.0
HD63433c,high,+27:21:47.458,07:49:55.0604,6.91,2459296.02303,0.00013,20.543806,8.3e-06,30.4,0.8285004142502072,4.06,0.02687,34.38,89.147,0.0,0.0
HD63935b,high,+09:23:09.793,07:51:41.9965,8.58,2458494.4462,0.001,9.058811,1.7e-05,31.72,0.9389671361502347,3.36,0.0285,18.64,88.49,0.0,0.0
HD63935c,high,+09:23:09.793,07:51:41.9965,8.58,2459231.828,0.0014,21.4023,0.0019,36.25,0.7732670533001933,4.84,0.0277,24.1,88.241,0.0,0.0
HD73583b,high,-13:15:24.092,08:38:45.2603,9.63,2458517.69013,0.00056,6.398042,6.7e-06,21.21,1.7214397496087637,2.23,0.03932,19.98,88.37,0.09,284.0
HD73583c,high,-13:15:24.092,08:38:45.2603,9.63,2459232.1682,0.0019,18.87974,0.00086,22.57,1.4544785050170304,3.74,0.03368,41.11,89.72,0.08,318.4
HD80606b,alert,+50:36:13.434,09:22:37.5769,9.0,2455210.6428,0.001,111.4367,0.0004,5.0,9.50934364356071,11.89,0.1001,97.0,89.269,0.933,300.77
HD86226c,high,-24:05:57.795,09:56:29.8441,7.93,2458698.6559,0.00065,3.9846654,9.2e-06,80.86,0.37742796649176097,2.45,0.0188,10.11,86.45,0.075,196.0
HD89345b,high,+10:07:44.504,10:18:41.0578,9.38,2459118.8724,0.0012,11.814417,1.9e-05,19.0,1.6201785878670716,5.62,0.0378,14.68,87.9,0.2,345.1
HD93963Ac,high,+25:38:28.189,10:51:06.5136,9.18,2458902.87274,0.001,3.6451398,1.06e-05,40.91,0.8653226548835495,2.27,0.02838,9.92,86.31,0.0,0.0
HD97658b,high,+25:42:37.391,11:14:33.1613,7.714,2457339.205224,9.8e-05,9.4893037,1.6e-06,23.39,1.2151339409003037,2.84,0.0311,26.2,89.8,0.0,0.0
HD106315c,ttvs,-00:23:36.554,12:13:53.3965,8.951,2458432.34123,0.00056,21.056614,5.4e-05,28.19,1.077050538525269,4.67,0.0303,33.4,89.4,0.0,0.0
HD108236b,high,-51:21:46.214,12:26:17.8916,9.24,2459027.674,0.015,3.79666,0.00017,112.23,0.3129890453834116,2.41,0.01638,11.35,87.88,0.2,190.0
HD108236c,high,-51:21:46.214,12:26:17.8916,9.24,2458907.39059,0.00083,6.203688,1.5e-05,63.18,0.5339224891834667,2.91,0.02134,16.6,88.72,0.18,210.0
HD108236d,high,-51:21:46.214,12:26:17.8916,9.24,2458939.90934,0.00077,14.175876,3e-05,34.44,0.9297615759918991,3.85,0.02805,27.39,89.22,0.17,190.0
HD108236e,high,-51:21:46.214,12:26:17.8916,9.24,2458978.37245,0.00091,19.590186,5e-05,25.77,1.2335450612169752,4.02,0.0323,33.9,89.32,0.2,170.0
HD109833b,high,-74:34:26.368,12:39:06.4022,9.31,2456437.57374,0.00091,9.188526,2.6e-05,45.39,0.7548559329835219,2.81,0.0265,19.9,88.13,0.0,0.0
HD109833c,high,-74:34:26.368,12:39:06.4022,9.31,2456440.7567,0.0015,13.900148,5.7e-05,81.76,0.4694835680751174,1.74,0.0237,29.4,88.24,0.0,0.0
HD110082b,high,-88:07:15.718,12:50:22.0202,9.23,2458629.909,0.001,10.18271,4e-05,48.47,0.6996225720335082,2.95,0.025,20.0,88.2,0.2,138.0
HD110113b,high,-44:18:43.267,12:40:08.7806,10.05,2459103.603217,2.2e-05,2.54047309,1.9e-07,103.57,0.38663352665009665,2.43,0.018,7.75,87.69,0.093,359.53
HD136352c,high,-48:19:03.462,15:21:48.1511,5.65,2458954.4099,0.00052,27.59221,0.00011,43.99,0.5615391696584737,3.25,0.02526,34.97,88.571,0.0,0.0
HD149026b,medium,+38:20:50.310,16:30:29.6184,8.14,2457217.64141,0.00011,2.8758885,1.4e-07,8.96,3.2495627358924786,3.25,0.0542,6.01,84.5,0.0,0.0
HD152843b,high,+20:29:28.794,16:55:08.3561,8.85,2458994.2831,0.0024,11.6264,0.0022,50.18,0.579950289975145,5.53,0.02201,14.2,88.85,0.14,51.8
HD152843c,high,+20:29:28.794,16:55:08.3561,8.85,2459002.7708,0.0011,24.38,6.23,17.56,1.6293841480254072,6.36,0.03764,25.1,88.89,0.115,51.0
HD183579b,high,-54:31:56.541,19:33:08.5944,8.68,2458661.06279,0.00071,17.471275,9.7e-06,22.61,1.2887784221669887,4.35,0.03319,29.0,89.17,0.0,0.0
HD189733b,low,+22:42:39.071,20:00:43.7130,7.648,2456194.067619,3.4e-05,2.218574944,3e-08,5.0,26.106968609039857,1.81,0.15534,8.92,85.78,0.0,0.0
HD191939b,ttvs,+66:51:02.075,20:08:05.7549,8.97,2458910.72284,0.00024,8.880318,1.2e-05,25.56,1.2427506213753108,3.08,0.03343,18.67,88.18,0.0,0.0
HD191939c,ttvs,+66:51:02.075,20:08:05.7549,8.97,2458868.95493,0.0009,28.57968,0.00016,27.18,1.0954616588419404,4.45,0.03158,40.49,89.124,0.0,0.0
HD191939d,ttvs,+66:51:02.075,20:08:05.7549,8.97,2458743.5505,0.0015,38.3561,0.0012,25.69,1.1230783393169474,5.54,0.03089,49.32,89.49,0.0,0.0
HD202772Ab,high,-26:36:58.051,21:18:47.8761,10.21,2458705.89569,0.00016,3.3088753,1.4e-06,6.96,4.391052195526097,5.69,0.0613,4.27,84.5,0.04,98.0
HD207496b,high,-77:20:16.794,21:54:51.3012,8.246,2458658.78978,0.0005,6.441008,1.1e-05,37.63,0.8745282150418853,1.8,0.02663,21.47,88.79,0.231,57.0
HD209458b,low,+18:53:03.548,22:03:10.7729,7.63,2455420.84456,0.00016,3.52474955,3.2e-07,5.0,16.671269446745832,3.09,0.12086,8.76,86.71,0.0,0.0
HD219134b,high,+57:10:06.083,23:13:16.9749,5.57,2458694.81665,0.00026,3.0929338,1.7e-06,126.28,0.26696124459173337,0.95,0.0189,10.714,85.05,0.0,0.0
HD219666b,high,-56:54:14.035,23:18:13.6298,9.81,2458600.75321,0.00081,6.034468,1.4e-05,24.59,1.6017674675504003,2.14,0.0419,13.3,86.38,0.0,0.0
HD221416b,high,-21:48:05.116,23:32:08.0724,8.15,2458357.0149,0.0025,14.2767,0.0037,31.1,0.8008837337752002,9.0,0.02854,9.32,85.75,0.115,254.0
HD235088b,high,+53:22:36.540,20:02:27.4229,9.17,2459798.46351,0.00055,7.4341393,6.2e-06,49.21,0.6720058915585013,2.69,0.02375,19.62,88.75,0.0,0.0
HD260655b,high,+17:33:53.333,06:37:10.7988,9.593,2459497.9102,0.0003,2.76953,3e-05,58.52,0.7180336923501796,1.13,0.02586,14.43,87.35,0.039,57.0
HD260655c,high,+17:33:53.333,06:37:10.7988,9.593,2459490.3646,0.0004,5.70588,7e-05,52.74,0.856117094725214,0.91,0.032,23.37,87.79,0.038,335.0
HD332231b,high,+33:44:40.024,20:26:57.9179,8.56,2459178.77035,0.00012,18.7120712,6.7e-06,5.0,5.891558501334806,6.12,0.06976,24.21,89.68,0.032,47.0
HIP65Ab,medium,-54:49:49.853,00:00:44.9093,11.13,2458658.653779,4.2e-05,0.98097217,1.2e-07,9.58,6.6832366749516705,0.77,0.287,5.289,77.18,0.0,0.0
HIP41378e,high,+10:04:49.334,08:26:27.8492,8.92,2457142.0194,0.001,514.0,452.0,17.14,1.5741507870753935,13.0,0.0369,283.0,89.91,0.0,0.0
HIP41378f,high,+10:04:49.334,08:26:27.8492,8.92,2457186.9142,0.0004,1084.1616,0.0004,5.03,5.265580410567982,18.97,0.06602,460.0,89.98,0.0,0.0
HIP67522b,high,-40:50:08.878,13:50:06.2796,9.8,2458604.02371,0.00036,6.959503,1.6e-05,6.16,5.458897173893031,4.89,0.0667,11.7,89.34,0.059,343.0
HIP94235b,high,-60:16:19.925,19:10:57.8503,8.284,2459037.8704,0.0011,7.713057,2.1e-05,44.7,0.6904170118751726,2.6,0.0253,15.7,87.14,0.32,17.0
HIP113103b,high,-43:00:37.249,22:54:17.3682,9.9,2458325.5966,0.0033,7.610303,1.8e-05,62.08,0.6259780907668232,2.16,0.0242,21.39,88.23,0.17,350.0
HIP113103c,high,-43:00:37.249,22:54:17.3682,9.9,2458337.0559,0.0019,14.245648,1.9e-05,32.53,1.077050538525269,3.54,0.0303,32.49,89.24,0.17,290.0
HIP116454b,high,+00:26:43.844,23:35:49.2850,10.162,2456907.89,0.03,9.1205,0.0005,51.45,0.8377059744085428,1.7,0.0311,27.22,88.43,0.205,-59.1
HR858b,high,-30:48:52.259,02:51:56.2464,6.382,2458409.18969,0.00084,3.58599,0.00015,114.32,0.23013900395839085,2.82,0.0146,7.87,85.5,0.0,0.0
K2-3b,high,-01:27:17.279,11:29:20.3917,12.17,2456813.41843,0.00039,10.054626,0.0,45.64,1.463684065175366,2.6,0.0349,29.44,89.4,0.107,188.0
K2-3c,high,-01:27:17.279,11:29:20.3917,12.17,2456812.28202,0.00098,24.646582,4.1e-05,76.7,0.8192948540918714,3.53,0.0259,54.57,89.905,0.0,0.0
K2-18b,high,+07:35:18.255,11:30:14.5177,13.5,2456836.17194,0.00059,32.94171,0.0008,33.35,3.1114793335174444,2.66,0.05295,81.79352339379649,89.579,0.0,0.0
K2-19b,ttvs,+00:36:12.877,11:39:50.4804,13.0,2456932.195,0.0011,7.920978,1.9e-05,12.53,7.023842400810089,3.27,0.0754,19.66,89.5,0.0,0.0
K2-19c,high,+00:36:12.877,11:39:50.4804,13.0,2456853.0007,0.0004,11.8993,0.0008,36.31,2.3566234005339224,3.76,0.04455,23.426382,89.044,0.0,0.0
K2-21c,high,-14:29:20.349,22:41:12.8862,12.85,2456988.4703,0.0011,15.50195,0.00056,50.79,1.3992451440670164,2.37,0.03533,35.5,88.85,0.21,59.96
K2-24b,high,-24:59:25.258,16:10:17.6977,11.28,2456905.7948,0.0007,20.8851,0.0003,19.45,2.1817177575255453,5.48,0.0431,29.11,89.2,0.24,-16.7
K2-24c,high,-24:59:25.258,16:10:17.6977,11.28,2456915.6251,0.0004,42.3633,0.0006,9.75,4.28058547362607,6.33,0.0594,53.0,89.76,0.0,0.0
K2-25b,medium,+15:14:52.013,04:13:05.6134,15.56,2457651.471616,6.2e-05,3.48456248,6.4e-07,13.69,12.878578661511552,0.79,0.106,25.1,88.3,0.27,62.0
K2-29b,low,+24:24:06.301,04:10:40.8826,12.56,2458560.23617,0.00013,3.25883406,3.9e-07,5.6,22.618061309030654,2.22,0.1419,10.51,86.66,0.066,132.0
K2-30b,low,+22:17:57.874,03:29:22.0746,13.53,2457526.93509,0.00014,4.09847804,6.9e-07,7.74,17.205191935929303,2.33,0.1266,12.3,86.92,0.0,0.0
K2-31b,low,-23:32:52.289,16:21:45.7780,10.8,2456952.717941,9.1e-05,1.25784887,7.8e-07,7.7,7.603792690785234,0.98,0.14,5.642,79.9,0.0,0.0
K2-32b,alert,-19:32:34.150,16:49:42.2601,12.31,2456900.9279,0.0003,8.99183,8e-05,17.48,3.8387185860259594,3.63,0.0563,19.0,89.0,0.0,0.0
K2-32c,high,-19:32:34.150,16:49:42.2601,12.31,2456899.4234,0.0017,20.66093,0.0008,48.33,1.3440117831170026,4.38,0.03342,34.58,89.4,0.049,168.0
K2-32d,high,-19:32:34.150,16:49:42.2601,12.31,2456903.7871,0.0012,31.71701,0.00101,40.17,1.5925619073920647,4.85,0.03704,46.02,89.4,0.05,185.0
K2-33b,high,-19:19:09.407,16:10:14.7377,15.568,2456898.6903,0.002,5.42526,0.00026,49.5,2.697229126392341,4.17,0.0476,9.2,86.9,0.0,0.0
K2-34b,low,+22:14:09.293,08:30:18.9093,11.45,2457851.317006,5.2e-05,2.99563536,2.5e-07,7.59,7.438092607935193,2.48,0.0887,6.7,83.0,0.0,0.0
K2-36c,alert,+03:51:59.007,11:17:47.7836,11.73,2456812.84001,0.00071,5.340888,8.6e-05,46.54,1.4728896253337016,1.49,0.0412,16.01,86.917,0.0,0.0
K2-39b,high,-09:01:21.977,22:33:28.4131,10.872,2456985.4315,0.0058,4.60497,0.00077,95.77,0.4234557672834392,8.94,0.01925,3.41,80.39,0.0,0.0
K2-52b,high,-24:58:11.818,16:26:26.7310,15.898,2456896.027,0.0011,3.535055,1.7e-05,27.13,6.692442235110006,5.38,0.075,5.2,86.5,0.0,0.0
K2-55b,high,-17:15:02.538,22:15:00.4644,13.55,2457063.20281,0.00024,2.8492816,1.8e-06,28.05,3.939979747767652,2.03,0.0561,10.5,88.2,0.07,23.9
K2-79b,high,+13:31:09.713,03:41:01.4150,12.07,2457103.2275,0.00084,10.9947,0.00047,65.78,0.9297615759918991,4.92,0.02968,13.22,87.05156346195037,0.0,0.0
K2-87b,high,+18:49:38.714,04:24:56.6990,14.13,2457062.5749,0.0014,9.72664,0.00031,43.64,2.807695848292368,4.56,0.05,14.4,87.74,0.0,0.0
K2-107b,medium,-22:17:36.244,18:59:56.4921,12.92,2457334.34984,9.7e-05,3.3139151,2.9e-06,11.8,6.628003314001657,3.29,0.083,5.68,81.9,0.0,0.0
K2-113b,high,+06:52:08.045,01:17:47.8306,13.68,2457893.20124,0.00042,5.8176015,2.8e-06,13.98,8.312620822977077,3.09,0.0911,11.4,86.21,0.0,0.0
K2-115b,high,+12:16:54.999,08:26:12.8235,13.362,2457522.07056,0.00026,20.2729861,7e-06,7.82,17.619442143054403,4.03,0.1254,32.4,88.82,0.14,104.0
K2-116b,high,-11:34:43.285,22:24:36.3824,10.758,2457422.1782,0.004,4.654879,2.2e-05,434.96,0.11046672190002761,2.22,0.0096,13.8,87.8,0.0,0.0
K2-121b,low,+17:34:45.804,08:27:44.8140,13.32,2458092.553641,8.7e-05,5.1857532,8.3e-07,7.85,13.743901316395101,2.12,0.109,14.46,87.2,0.22,73.0
K2-129b,high,-25:38:41.927,19:16:35.5928,13.63,2457335.0098,0.001,8.2395,0.0003,150.5,0.8285004142502072,1.56,0.0266,34.4,89.2,0.13,39.9
K2-132b,high,-08:44:49.846,12:08:39.9335,11.897,2458434.0306,0.0049,9.172616,5.1e-05,61.52,0.7916781736168645,7.94,0.0279,4.8,77.5,0.29,82.6
K2-136c,high,+22:52:57.794,04:29:38.9938,11.2,2457864.6389,0.00075,17.307013,9.2e-05,26.61,1.8042897910337843,3.6,0.0385,34.8,89.3,0.0,0.0
K2-138f,high,-10:50:58.897,23:15:47.7685,12.21,2457738.7018,0.0044,12.7576,0.0012,66.55,1.0310227377335912,3.25,0.0298,27.32,88.99,0.0,0.0
K2-138g,high,-10:50:58.897,23:15:47.7685,12.21,2457773.8541,0.0044,41.9665,0.006,53.54,1.2335450612169752,4.03,0.0347,58.59,89.29,0.0,0.0
K2-139b,alert,-17:54:38.410,19:16:15.9691,11.65,2457325.8171,0.0003,28.3824,0.0003,5.0,11.350455675227836,4.89,0.0961,42.7,89.62,0.12,124.0
K2-140b,low,-09:36:27.495,12:32:32.9632,12.62,2457732.80773,0.0001,6.5692045,1.5e-06,7.26,16.183374758354045,3.77,0.117,13.84,88.3,0.0,0.0
K2-141b,high,-01:11:21.448,23:23:39.9709,11.45,2457744.0716,0.00022,0.2803244,1.5e-06,113.14,0.5339224891834667,0.98,0.02037,2.292,86.3,0.0,0.0
K2-141c,high,-01:11:21.448,23:23:39.9709,11.45,2457751.1546,0.001,7.7485,0.00022,120.09,0.552333609500138,0.75,0.09,21.6,87.2,0.0,0.0
K2-155b,high,+21:21:12.937,04:21:52.4852,12.762,2457818.7153,0.0021,6.34365,0.00028,106.57,0.7732670533001933,2.27,0.0261,18.5,88.3,0.0,0.0
K2-155c,high,+21:21:12.937,04:21:52.4852,12.762,2457994.66467,0.00056,13.853487,1.6e-05,60.52,1.279572862008653,3.03,0.0339,30.0,88.9,0.0,0.0
K2-174b,high,+16:20:50.761,04:03:10.2793,12.426,2457064.2158,0.0011,19.56236,0.00059,33.16,1.6846175089754212,5.82,0.036,26.6,89.95,0.0,0.0
K2-198b,alert,-06:27:53.620,13:15:22.5217,10.97,2457784.02605,0.00028,17.042849,1e-05,17.29,2.7800791678173615,2.95,0.0485,42.0,89.4,0.0,0.0
K2-198d,high,-06:27:53.620,13:15:22.5217,10.97,2457824.48087,0.0003,7.4500372,4.7e-06,78.85,0.6075669704501518,2.98,0.022,19.5,89.86,0.0,0.0
K2-199c,high,-06:08:10.135,13:55:36.4097,12.289,2457687.52395,0.00064,7.3744828,9.3e-06,34.35,1.8411120316671268,2.42,0.039,22.1,88.9,0.0,0.0
K2-212b,high,+03:05:48.977,01:13:41.6160,13.041,2457399.64109,0.00039,9.795647,2.1e-05,46.43,1.5465341066003866,2.53,0.03577,27.97,89.13899454751197,0.0,0.0
K2-232b,high,+18:39:16.310,04:55:03.9625,9.85,2458160.403851,3.9e-05,11.16844233,6.6e-07,5.0,9.34364356071067,5.09,0.0887,19.2,89.14,0.26,207.0
K2-233d,high,-20:13:53.987,15:21:55.1981,10.88,2458151.77395,0.00034,24.36543,2.1e-05,32.57,1.2335450612169752,3.8,0.0325,44.2,89.35,0.0,0.0
K2-237b,low,-28:42:38.014,16:55:04.5335,11.6,2457942.11408,0.00012,2.18053435,4.6e-07,5.0,15.677068949645586,3.06,0.118,5.4,84.3,0.0,0.0
K2-238b,high,-07:51:27.077,23:10:49.0455,13.75,2457984.06074,0.00023,3.2046909,2.2e-06,17.71,7.051459081285096,3.51,0.08,6.3,84.5,0.0,0.0
K2-239b,high,+04:26:28.888,10:42:22.6341,14.55,2457908.191,0.01,5.24,0.001,210.54,0.7916781736168645,1.51,0.0259,24.6,88.99,0.0,0.0
K2-239c,high,+04:26:28.888,10:42:22.6341,14.55,2457916.86,0.01,7.775,0.001,293.86,0.5983614102918162,1.26,0.0241,34.0,88.77,0.0,0.0
K2-240b,high,-17:52:30.795,15:11:23.9071,13.392,2457996.825,0.01,6.034,0.001,62.25,1.583356347233729,2.19,0.0362,21.1,89.26,0.0,0.0
K2-260b,medium,+16:52:03.795,05:07:28.1588,12.69,2458109.67429,0.00018,2.62669768,8e-07,6.75,11.45171683696953,4.26,0.0973,5.18,88.7,0.0,0.0
K2-261b,high,+00:29:36.085,10:52:07.7793,10.64,2458325.64553,0.0004,11.6334758,8e-06,12.2,3.406057258584185,5.1,0.0529,13.3,88.4,0.39,143.0
K2-266b,high,+00:56:15.268,10:31:44.5057,11.808,2457949.675,0.003,0.658524,1.7e-05,442.32,0.24855012427506215,0.31,0.043,4.0,75.3,0.0,0.0
K2-266d,high,+00:56:15.268,10:31:44.5057,11.808,2458488.6672,0.0027,14.6982,4.8e-05,27.5,1.8503175918254624,3.37,0.0383,31.7,89.46,0.05,87.0
K2-280b,high,-22:14:51.551,19:26:22.8813,12.54,2457327.4767,0.001,19.8952,0.0008,19.03,3.470496179692534,8.2,0.0547,17.6,88.5,0.0,0.0
K2-284b,high,+20:15:18.364,05:16:33.7637,13.322,2458146.80246,0.00062,4.7948599,5e-06,40.17,2.1725121973672095,2.17,0.042,16.84,89.0,0.078,180.2
K2-285c,alert,+01:18:01.074,23:17:32.2274,11.75,2457744.53906,0.00039,7.138048,7.2e-05,31.37,2.144895516892203,2.52,0.04115,22.51,89.861,0.0,0.0
K2-287b,alert,-22:21:29.763,15:32:17.8467,11.308,2458001.72218,0.00016,14.89329,3e-05,6.92,7.217159164135137,3.58,0.0801,23.9,88.13,0.48,10.1
K2-289b,high,-15:47:32.564,16:26:34.3299,14.465,2456897.144,0.001,13.15697,5e-05,14.8,7.263186964926815,4.03,0.081,22.5,88.48,0.0,0.0
K2-295b,low,+06:49:00.761,01:18:26.3767,13.95,2457624.83244,0.00012,4.02488968,7.7e-07,9.94,22.03811101905551,2.5,0.1304,13.76,89.3,0.0,0.0
K2-321b,high,+02:30:51.670,10:25:37.2670,13.657,2457909.17,0.01,2.298,0.001,79.2,1.3256006628003314,1.15,0.033166247903554,15.135597601682164,88.94,0.0,0.0
K2-329b,high,-05:09:50.730,23:24:32.4761,12.697,2457773.157267,7.3e-05,12.4551225,3.1e-06,6.79,11.332044554911166,3.62,0.09679,26.62,89.22,0.07,161.0
K2-333b,high,+15:12:20.603,09:07:09.4325,11.56,2458525.4295,0.0012,14.759859,3e-05,22.66,2.540734603700635,4.95,0.0461,23.06,89.35,0.0,0.0
K2-334b,high,+16:19:31.996,09:05:57.4722,11.84,2458209.31601,0.00031,5.1138428,5.1e-06,40.62,1.362422903433674,2.45,0.0343,15.35,88.58,0.0,0.0
K2-344b,high,+21:40:07.320,09:05:26.7420,13.438,2458095.747731,0.001269,3.35585,9.1e-05,87.39,1.0218171775752556,1.76,0.0295,13.79,88.29624859168993,0.0,0.0
K2-348b,high,+24:25:23.176,08:43:30.8022,12.56,2458096.716772,0.000995,4.688418,0.000119,52.47,1.463684065175366,2.74,0.035,12.55,88.21920700758979,0.0,0.0
K2-353b,high,-02:16:54.784,13:26:28.0856,12.28,2458189.85182,0.00098,15.46681,0.00057,27.92,2.503912363067293,3.37,0.0503,25.06,88.239,0.0,0.0
K2-370b,high,+19:49:54.504,04:31:16.9643,11.11,2457822.184,0.0008,2.14084,3.6e-05,76.66,0.6720058915585013,1.94,0.0302,3.66,75.10171748721213,0.0,0.0
K2-403b,high,+09:40:26.263,10:56:45.4890,12.356,2457908.9613,0.0014,33.589979,0.000768,20.88,3.1206848936757803,4.95,0.0551,39.87,88.96094508956219,0.0,0.0
K2-405b,alert,+12:32:08.279,10:57:30.2843,12.864,2457908.9959,0.0004,3.435471,3.6e-05,32.69,2.559145724017306,2.49,0.0548,6.33,82.09108081241733,0.0,0.0
K2-406b,high,-25:22:14.669,15:23:32.9582,9.46,2458010.3895,0.0025,22.549406,0.001377,15.15,2.1725121973672095,4.78,0.0439,32.15,89.0304699355326,0.0,0.0
K2-415b,high,+11:51:41.116,09:08:48.8546,15.43,2458100.07116,0.00069,4.0179694,2.7e-06,76.71,2.7156402467090124,1.02,0.0472,29.63,89.32,0.0,0.0
K2-417b,high,-10:02:09.490,23:20:33.8840,13.858,2458373.0321,0.0009,6.535,0.0014,30.3,3.2495627358924786,2.07,0.0525,23.4,89.0,0.0,0.0
KELT-1b,low,+39:23:01.782,00:01:26.9169,10.63,2457727.01162,0.00013,1.21749415,1.2e-07,6.37,7.097486882076774,2.71,0.0771,3.69,86.8,0.0013,358.0
KELT-2Ab,medium,+30:57:25.717,06:10:39.3452,8.71,2459467.198989,8e-05,4.11377556,8.3e-07,5.0,6.3150142686182456,5.08,0.0722,6.59,88.6,0.0,0.0
KELT-3b,low,+40:23:16.978,09:54:34.3870,9.82,2458543.04054,0.00018,2.70338919,4.8e-07,5.0,9.629015925619074,3.15,0.0939,6.02,84.2,0.0,0.0
KELT-4Ab,low,+25:34:23.474,10:28:15.0111,9.98,2456617.81302,0.00031,2.98958682,9.9e-07,5.0,12.445917334069778,3.46,0.1089,5.79,83.16,0.0,0.0
KELT-6b,medium,+30:38:24.279,13:03:55.6468,10.337,2457218.65874,0.00034,7.8456043,2.2e-06,5.06,7.25398140476848,5.79,0.0776,10.916,88.8,0.0,0.0
KELT-7b,low,+33:19:05.403,05:13:10.9287,8.54,2459109.138447,5.1e-05,2.7347656,2e-07,5.0,9.04906563564393,3.49,0.091,5.53,83.8,0.0,0.0
KELT-8b,medium,+24:07:38.577,18:53:13.3242,10.84,2457986.46737,0.00026,3.24408156,1e-06,5.0,13.615023474178402,3.48,0.115,5.9,82.7,0.04,85.0
KELT-9b,low,+39:56:19.765,20:31:26.3534,7.56,2458955.970923,5e-05,1.48111874,1.4e-07,5.0,7.622203811101905,3.85,0.08228,3.2,86.79,0.0,0.0
KELT-10b,high,-47:00:11.664,18:58:11.6095,10.62,2457612.49947,0.00041,4.1662541,1.6e-06,5.0,17.14075301482095,3.74,0.119,9.34,88.6,0.0,0.0
KELT-11b,high,-09:23:56.494,10:46:49.7401,8.04,2458255.43247,0.00013,4.7362006,3.4e-06,8.23,3.083862653042438,7.11,0.051,4.98,85.3,0.0007,359.0
KELT-12b,high,+36:34:12.803,17:50:33.7179,10.59,2459020.83914,0.00021,5.0316328,1.9e-06,5.91,6.581975513209979,5.75,0.0772,6.1,84.5,0.0,0.0
KELT-14b,low,-42:24:35.115,07:13:12.3539,11.0,2458654.016813,7e-05,1.71005328,1.4e-07,5.0,12.197367209794715,2.25,0.1177,4.25,78.3,0.0,0.0
KELT-15b,high,-52:07:13.574,07:49:39.6019,11.39,2458973.57814,0.00012,3.329466,1.2e-06,5.0,12.1421338488447,4.13,0.1001,6.7,88.3,0.0,0.0
KELT-16b,low,+31:39:39.629,20:57:04.4386,11.72,2458392.597691,7.8e-05,0.968992962,9.7e-08,5.08,13.596612353861731,2.49,0.107,3.23,84.4,0.0,0.0
KELT-17b,low,+13:44:07.144,08:22:28.2047,9.23,2459440.791304,7.8e-05,3.08017985,5.1e-07,5.0,9.942004971002486,3.47,0.09526,6.38,84.87,0.0,0.0
KELT-18b,low,+59:26:39.288,14:26:05.7574,10.16,2458676.84596,0.00024,2.8716995,1.2e-06,5.0,8.607198748043817,4.65,0.0846,5.14,88.9,0.0,0.0
KELT-19Ab,medium,+07:36:56.814,07:26:02.2900,9.86,2458171.31415,0.00027,4.6117361,2.3e-06,5.0,12.445917334069778,4.4,0.10713,7.5,85.41,0.0,0.0
KELT-20b,medium,+31:13:09.215,19:38:38.7352,7.58,2459288.807775,2.1e-05,3.47410042,2.2e-07,5.0,14.369879407161925,3.53,0.1144,7.5,86.12,0.0,0.0
KELT-21b,low,+32:34:51.762,20:19:12.0049,10.48,2458881.93965,0.00023,3.61276958,9.5e-07,5.0,11.230783393169473,4.11,0.09952,6.86,86.46,0.0,0.0
KELT-23Ab,low,+66:21:31.544,15:28:35.1926,10.31,2458918.461247,2.1e-05,2.25528745,1.8e-07,5.0,19.764337659946605,2.29,0.132,7.556,85.96,0.0,0.0
KELT-24b,low,+71:39:21.156,10:47:38.3510,8.33,2459062.317991,5.1e-05,5.55149344,9.2e-07,5.0,9.757893767835773,4.35,0.0901,9.9178,89.17,0.077,55.0
KOI-12b,ttvs,+41:00:39.627,19:49:48.8934,11.51,2455711.66072,0.00011,17.8552276,4.5e-06,5.0,9.546165884194052,7.47,0.09049,18.89,88.95,0.0,0.0
KOI-13b,medium,+46:52:06.004,19:07:53.1049,9.7,2455777.161331,7.1e-06,1.763587619,2.8e-08,5.0,8.64402098867716,3.2,0.08737,4.5007,86.77,0.00064,5.0
KOI-94c,ttvs,+41:53:28.005,19:49:19.9344,12.311,2455679.81939,0.00051,10.423671,1.2e-05,75.99,0.8008837337752002,5.18,0.025673,15.7798,89.924,0.0,0.0
KOI-94d,ttvs,+41:53:28.005,19:49:19.9344,12.311,2455703.05975,0.00013,22.342972,5.9e-06,10.52,5.615391696584736,6.67,0.06802,27.3,89.87,0.0,0.0
KOI-94e,ttvs,+41:53:28.005,19:49:19.9344,12.311,2455809.04,0.0015,54.32002,0.00016,28.66,2.0068121145171682,8.47,0.04132,47.69,89.554,0.0,0.0
KPS-1b,low,+64:57:50.345,11:00:40.1821,13.033,2458888.7872,0.0002,1.70632513,8.9e-07,7.05,12.979839823253243,1.69,0.114,6.37,83.2,0.0,0.0
Kepler-5b,low,+44:02:06.189,19:57:37.6884,13.384,2455693.982258,2.4e-05,3.54846566,1.9e-07,11.17,7.751081653318604,4.54,0.07996,6.45,89.1,0.0,0.0
Kepler-6b,low,+48:14:23.759,19:47:20.9379,13.344,2455643.477519,1.5e-05,3.2346993,1.1e-07,8.07,10.936205468102735,3.59,0.09424,7.503,88.93,0.0,0.0
Kepler-7b,low,+41:05:23.365,19:14:19.5623,12.994,2455700.100198,2.4e-05,4.88548837,2.7e-07,9.8,7.69584829236859,5.25,0.08294,6.637,85.16,0.0,0.0
Kepler-12b,low,+50:02:25.271,19:04:58.4220,13.8,2455669.703585,2.3e-05,4.43796263,2.2e-07,10.08,17.232808616404306,4.69,0.11887,8.019,88.8,0.0,0.0
Kepler-14b,high,+47:19:58.876,19:10:50.1101,12.09,2454971.08821,6.8e-05,6.7901211,5.6e-07,15.52,3.9215686274509802,6.69,0.0569,8.213,90.0,0.0,0.0
Kepler-16b,high,+51:45:26.777,19:16:18.1759,12.261,2454973.4306,0.0022,228.776,0.02,5.54,17.610236582896068,7.19,0.1166,270.0,90.032,0.0069,318.0
Kepler-17b,low,+47:48:54.049,19:53:34.8643,14.307,2455185.67875,7e-06,1.48571099,2e-08,9.79,20.694099235938506,2.29,0.13031,5.48,87.2,0.0,0.0
Kepler-18c,high,+44:44:46.807,19:52:19.0688,13.767,2454960.767838,0.000502,7.64156219,5.7e-07,54.75,2.310595599742244,3.51,0.04549,14.43,87.68,0.0,0.0
Kepler-18d,ttvs,+44:44:46.807,19:52:19.0688,13.767,2455704.09996,0.00025,14.8589223,9.1e-06,37.58,3.3324127773175,3.73,0.0578,22.5,88.07,0.0,0.0
Kepler-41b,low,+45:58:53.876,19:38:03.1746,14.509,2455664.159537,1.8e-05,1.855557555,7.8e-08,13.51,11.09269999079444,2.46,0.10253,5.053,82.214,0.0,0.0
Kepler-63b,low,+49:32:53.451,19:16:54.2861,11.733,2455010.8434,2.8e-05,9.43415035,3.3e-07,15.71,3.9491853079259873,2.9,0.0622,19.12,87.806,0.0,0.0
Kepler-76b,low,+39:37:08.340,19:36:46.1090,13.39,2455654.042121,1.9e-05,1.544928884,6.6e-08,19.27,5.900764061493142,1.47,0.1033,4.46,77.55,0.0,0.0
Kepler-91b,high,+44:07:00.239,19:02:41.4978,12.82,2454969.39814,7.7e-05,6.24654458,2.52e-06,156.24,0.38663352665009665,10.68,0.022,2.484,69.8,0.05,300.0
Kepler-105b,high,+46:16:34.384,19:11:32.9514,12.92,2455669.72916,0.00029,5.412203,3.7e-06,107.23,0.8192948540918714,3.3,0.028,9.65,85.94,0.0,0.0
Kepler-138b,high,+43:17:34.680,19:21:31.5679,13.168,2454956.236,0.003,10.3134,0.0003,773.97,0.11967228205836325,1.89,0.01104,28.0,88.45,0.006,23.0
Kepler-396c,ttvs,+48:58:38.561,19:44:31.8713,12.26,2455546.7461,0.0062,88.5127,0.0013,15.39,3.3876461382675136,7.41,0.0524,96.1,90.0,0.0,0.0
Kepler-411c,high,+49:31:23.712,19:10:25.3469,12.55,2454968.22286,6.3e-05,7.83443068,6.5e-07,38.12,2.2277455583172237,1.58,0.0449,28.58189017689996,88.61,0.108,103.0
Kepler-422b,low,+46:19:23.993,18:50:31.1173,13.562,2455641.565849,2.6e-05,7.89144912,4.9e-07,8.8,10.687655343827672,4.3,0.0957,14.2,88.3,0.0,0.0
Kepler-435b,high,+43:11:50.160,19:29:08.9490,13.91,2455724.455024,7.9e-05,8.6001545,1.7e-06,23.75,4.72245236122618,9.02,0.06384,6.35,85.51,0.114,104.0
Kepler-444b,high,+41:38:04.581,19:19:00.5488,8.86,2454955.459,0.003,3.600119,4e-06,1202.0,0.027616680475006903,2.11,0.00491,11.95,88.0,0.0,0.0
Kepler-444c,high,+41:38:04.581,19:19:00.5488,8.86,2454955.4333,0.0016,4.5458697,2e-06,709.47,0.046027800791678175,2.26,0.00605,13.96,88.2,0.0,0.0
Kepler-444e,high,+41:38:04.581,19:19:00.5488,8.86,2454960.352,0.0023,7.743503,3e-06,562.17,0.055233360950013806,2.84,0.00664,19.91,89.1,0.0,0.0
Kepler-447b,low,+48:33:35.944,19:01:04.4557,12.554,2455702.924679,3.4e-05,7.79430304,5.4e-07,24.16,3.728251864125932,1.15,0.17,20.41,86.55,0.12,98.3
Kepler-854b,low,+43:08:04.832,19:33:24.3099,13.644,2455668.279705,2.2e-05,2.14463318,1.1e-07,8.73,14.664457332228665,3.9,0.119,3.73,79.0,0.0,0.0
Kepler-1656b,alert,+39:54:42.531,18:57:53.3246,11.252,2455011.47,0.9,31.562,0.011,26.18,2.154101077050538,2.12,0.04191,38.7,89.31,0.836,53.9
Kepler-1658b,high,+38:56:50.518,19:37:25.5732,11.556,2455005.9241,0.000169,3.84937278,8e-07,54.62,1.0310227377335912,3.21,0.0369,4.04,76.52,0.0628,352.27
L98-59b,high,-68:18:46.799,08:18:07.6215,11.685,2458828.05812,0.00024,2.2531154,1.7e-06,106.46,0.6996225720335082,0.97,0.02512,15.0,87.71,0.103,192.0
L98-59c,alert,-68:18:46.799,08:18:07.6215,11.685,2458902.42094,0.00014,3.6906716,1.5e-06,38.37,1.7766731105587774,1.28,0.04088,19.0,88.11,0.103,261.0
L98-59d,high,-68:18:46.799,08:18:07.6215,11.685,2458847.03715,0.00025,7.450737,5.4e-06,47.47,1.6293841480254072,0.87,0.0448,33.7,88.449,0.074,180.0
LHS475b,high,-82:33:16.167,19:20:54.3761,12.69,2459822.376259,2.6e-05,2.029088,6e-06,85.89,1.0494338580502622,0.67,0.03257,15.87235,87.194,0.0,0.0
LHS1140b,high,-15:16:17.543,00:44:59.3314,14.15,2458103.084207,4.3e-05,24.73721,1.7e-05,19.59,6.876553438276718,2.1,0.0739,95.3,89.89,0.0,0.0
LHS1140c,high,-15:16:17.543,00:44:59.3314,14.15,2458226.843969,1.8e-05,3.7779329,2.8e-06,42.21,3.77427966491761,1.15,0.05486,26.57,89.92,0.0,0.0
LHS1478b,high,+76:33:11.250,02:57:18.2591,13.304,2458786.75425,0.00042,1.9495378,4e-06,53.42,2.2277455583172237,0.71,0.0462,16.119,87.452,0.0,0.0
LHS1678b,high,-39:47:12.150,04:32:42.6349,12.482,2459121.1688,0.0052,0.8602322,6.8e-06,232.43,0.44186688760011045,0.77,0.0192,8.16,87.55,0.0,0.0
LHS1678c,high,-39:47:12.150,04:32:42.6349,12.482,2459120.3606,0.004,3.694247,2.4e-06,98.34,0.8837337752002209,1.27,0.0272,21.56,89.09,0.0,0.0
LHS3844b,high,-69:10:08.320,22:41:58.1173,15.26,2458828.93037,0.00025,0.46292964,3.3e-07,40.21,5.155113688667955,0.52,0.0635,7.11,88.5,0.0,0.0
LP714-47b,medium,-12:05:02.454,04:16:45.6005,12.492,2458774.70336,0.00024,4.0520345,2.6e-06,14.62,5.615391696584736,1.51,0.0751,15.9,87.3,0.04,219.0
LP791-18b,high,-16:24:22.285,11:02:45.9543,17.288,2458645.94405,0.00066,0.948005,5.8e-06,87.56,4.326613274417748,0.6,0.0604,11.1,87.3,0.0,0.0
LP791-18c,high,-16:24:22.285,11:02:45.9543,17.288,2458905.78256,0.0002,4.9899054,2.6e-06,19.94,19.745926539629934,1.21,0.1238,34.5,89.55,0.0,0.0
LP791-18d,high,-16:24:22.285,11:02:45.9543,17.288,2458772.16211,0.0005,2.753436,1.3e-05,94.23,3.4520850593758627,0.91,0.05192,23.43970089889121,89.34,0.0,0.0
LTT1445Ab,alert,-16:35:36.022,03:01:51.3928,10.529,2458905.71556,0.00071,5.358777,1.1e-05,16.85,2.5315290435422995,1.53,0.0458,29.6,89.4,0.19,221.0
LTT1445Ac,high,-16:35:36.022,03:01:51.3928,10.529,2458412.58159,0.00059,3.1239035,3.4e-06,71.72,0.9389671361502347,0.42,0.0396,21.56,87.43,0.0,0.0
LTT3780b,high,-11:43:00.241,10:18:35.1370,13.14,2458543.9115,0.0011,0.768448,5.5e-05,97.13,1.30718954248366,0.81,0.033,7.03,87.1,0.0,0.0
LTT3780c,high,-11:43:00.241,10:18:35.1370,13.14,2458608.11003,0.00045,12.252208,2.7e-05,31.89,3.3416183374758353,1.39,0.057,51.2,89.18,0.0,0.0
LTT9779b,high,-37:37:40.523,23:54:40.2073,9.76,2458724.90098,0.00013,0.79206425,2.8e-07,31.22,1.66620638865875,0.82,0.0455,3.877,76.39,0.0,0.0
MASCARA-4b,high,-66:06:49.892,09:50:19.2005,8.19,2459321.97544,6.3e-05,2.8240759,5.3e-06,5.0,7.465709288410199,3.88,0.08,5.97,88.5,0.0,0.0
MASCARA-1b,alert,+10:44:19.944,21:10:12.3723,8.27,2457097.2788,0.002,2.14878,8e-06,5.0,6.2873975881432385,4.17,0.0735,4.1871,87.0,0.0,0.0
NGTS-1b,high,-36:37:50.896,05:30:51.4522,15.57,2458586.32972,0.0004,2.6473068,1.7e-06,19.56,20.988677161005246,1.2,0.239,12.2,85.27,0.0,0.0
NGTS-2b,high,-31:12:07.437,14:20:29.4890,10.961,2459238.77448,0.00025,4.511123,3.7e-06,5.0,11.074288870477767,4.65,0.0962,8.0,88.5,0.0,0.0
NGTS-5b,low,+05:36:19.417,14:44:13.9704,13.77,2457740.35262,0.00026,3.3569866,2.6e-06,9.79,26.9446745834484,2.2,0.1579,11.11,86.6,0.0,0.0
NGTS-6b,low,-30:23:57.719,05:03:10.9028,14.12,2458712.72373,0.00024,0.8820585,3.3e-07,13.26,13.70707907576176,0.96,0.18,4.784,78.23,0.0,0.0
NGTS-8b,alert,-14:04:06.225,21:55:54.1981,13.72,2457500.17909,0.00072,2.4997,1e-05,9.54,15.53898554727055,2.61,0.114,7.6,86.9,0.0,0.0
NGTS-9b,alert,-19:20:51.559,09:27:40.9609,12.8,2458518.9479,0.0019,4.435272,1.1e-05,19.46,4.860535763601215,2.06,0.08,9.06,84.1,0.0,0.0
NGTS-10b,low,-25:35:41.676,06:07:29.3376,14.34,2457518.84377,0.00017,0.7668944,3e-07,12.28,25.6006628003314,1.09,0.1765,4.447,78.95048202037923,0.0,0.0
NGTS-11b,high,-14:25:09.155,01:34:05.1360,12.41,2458390.7043,0.0016,35.45533,0.00019,6.77,10.172143974960877,3.6,0.101,56.0,89.16,0.13,32.0
NGTS-12b,alert,-35:38:26.137,11:45:00.0094,12.27,2458572.8549,0.0017,7.532806,4.8e-05,11.61,5.615391696584736,5.89,0.0678,10.28,88.9,0.0,0.0
NGTS-13b,alert,-38:08:22.961,11:44:57.6835,12.744,2458572.8247,0.0018,4.119027,2.3e-05,12.95,5.256374850409647,5.28,0.0656,6.6,88.7,0.086,213.6
NGTS-24b,low,-37:54:36.486,11:14:15.3343,13.225,2458100.6229,0.0011,3.4678796,7e-06,15.83,5.550952775476388,2.94,0.0768,6.37,82.61,0.0,0.0
PH2b,high,+51:57:45.409,19:19:03.2633,12.73,2455196.07182,0.000221,282.5254595,9.316e-05,6.38,9.951210531160822,10.93,0.092,176.7,89.83,0.41,3.44
Qatar-1b,low,+65:09:43.490,20:13:31.6176,12.84,2457475.204489,3.8e-05,1.420024443,4.9e-08,7.02,23.38212280217251,1.66,0.1463,6.25,84.08,0.0,0.0
Qatar-2b,low,-06:48:14.419,13:50:37.4100,13.3,2457008.18278,3.2e-05,1.337116562,5.9e-08,9.27,34.714167357083674,1.84,0.16327,6.45,88.99,0.0,0.0
Qatar-3b,medium,+36:12:46.773,23:56:36.4831,12.88,2457367.6584,0.0001,2.50789979,7.5e-07,9.58,9.316026880235661,3.1,0.0888,6.4,86.8,0.0,0.0
Qatar-4b,low,+44:01:39.484,00:19:26.2245,13.6,2458919.58363,0.00015,1.80536403,5.4e-07,10.08,23.400533922489185,2.14,0.138,7.1,87.5,0.0,0.0
Qatar-5b,low,+42:03:40.943,00:28:12.9437,12.82,2457593.01599,0.00014,2.87929997,7e-07,7.53,13.753106876553437,2.9,0.1061,8.3,88.7,0.0,0.0
Qatar-6b,low,+22:09:09.160,14:48:50.4764,11.5,2457784.0327,0.00049,3.506195,1.8e-05,5.0,18.11654239160453,1.59,0.151,12.61,86.01,0.0,0.0
Qatar-7b,medium,+37:01:18.584,23:54:03.6389,13.03,2458303.419733,9.3e-05,2.03202332,3.3e-07,7.96,14.65525177207033,3.58,0.11,4.84,89.0,0.0,0.0
Qatar-8b,low,+70:31:37.649,10:29:39.1059,11.71,2459362.37977,0.0002,3.7146458,2.9e-06,5.0,11.341250115069501,4.13,0.1014,6.39,84.6,0.0,0.0
Qatar-9b,low,+60:57:51.159,10:42:59.5933,14.023,2459275.4837,0.00012,1.54077512,4.5e-07,10.7,28.88704777685722,1.87,0.1489,7.236,89.23,0.0,0.0
Qatar-10b,low,+69:34:15.066,18:57:46.5537,12.868,2459108.413073,9.2e-05,1.64532652,5e-07,6.64,18.9358372456964,2.77,0.1265,4.9,85.87,0.0,0.0
TIC237913194b,high,-60:44:23.836,01:29:46.9565,12.057,2458319.15055,0.00077,15.168865,1.8e-05,7.62,9.868360489735801,1.91,0.1031,29.23,87.0,0.575,24.1
TIC257060897b,medium,+72:42:37.247,15:10:07.6705,11.81,2458979.84075,0.00021,3.660033,2.2e-06,6.49,8.238976341710393,4.61,0.0841,6.05,86.0,0.03,20.0
TOI-122b,high,-58:56:42.251,22:11:47.2998,15.526,2458425.60256,0.00063,5.07803,1.5e-05,31.35,5.919175181809813,1.25,0.075,25.2,88.4,0.0,0.0
TOI-125b,high,-66:40:32.952,01:34:22.7347,11.02,2458578.6394,0.0015,4.651853,1.9e-05,42.13,1.0678449783669335,2.98,0.0295,13.16,88.92,0.194,323.0
TOI-125c,high,-66:40:32.952,01:34:22.7347,11.02,2458673.1649,0.0018,9.154545,4.7e-05,43.94,1.0310227377335912,2.88,0.02985,20.66,88.54,0.066,70.0
TOI-139b,high,-34:54:34.496,22:25:36.5462,10.4,2458334.8906,0.001,11.07085,2.4e-05,32.5,1.261161741691982,2.43,0.0321,33.159,89.32,0.0,0.0
TOI-150.01,high,-73:36:22.149,07:31:51.7567,11.39,2459029.1705,0.00016,5.8574204,3.3e-06,5.76,8.192948540918715,5.89,0.0826,8.0,88.09,0.0,0.0
TOI-157b,low,-76:40:49.888,04:54:48.2930,12.725,2459087.404531,6.9e-05,2.08453882,5.3e-07,6.49,12.18816164963638,2.15,0.11329,5.785,82.01,0.0,0.0
TOI-163b,medium,-71:53:44.150,05:19:04.3570,11.47,2459060.866509,9.6e-05,4.2311144,1.5e-06,5.09,9.65663260609408,4.42,0.0908,7.55,87.24,0.0,0.0
TOI-169b,high,-75:11:55.960,01:07:06.8032,12.355,2458943.17851,0.00038,2.2554454,4.4e-06,13.29,5.79950289975145,1.71,0.0866,5.88,80.98,0.0,0.0
TOI-172b,high,-26:41:33.474,21:06:31.6564,11.3,2459085.0724,0.001,9.476936,2.6e-05,12.29,3.801896345392617,4.73,0.05588,11.09,88.2,0.3806,57.1
TOI-178d,high,-30:27:13.464,00:29:12.3030,11.95,2458747.14623,0.00087,6.5577,1.6e-05,33.32,1.5649452269170578,2.35,0.03623,19.57,88.58,0.0,0.0
TOI-178e,high,-30:27:13.464,00:29:12.3030,11.95,2458751.4658,0.0016,9.961881,4.2e-05,46.54,1.104667219000276,2.5,0.0311,25.87,88.71,0.0,0.0
TOI-178g,high,-30:27:13.464,00:29:12.3030,11.95,2458748.0302,0.0023,20.7095,0.00014,38.48,1.3808340237503451,2.17,0.0404,42.13,88.823,0.0,0.0
TOI-181b,alert,-34:29:29.034,23:28:41.2700,11.19,2458358.12,0.00027,4.532,2e-06,6.09,8.386265304243762,2.45,0.0854,15.5641,88.28,0.1543,263.09000000000003
TOI-198b,high,-27:07:19.678,00:09:04.3584,11.67,2459480.048,0.0004,10.2152,6e-05,50.3,1.0954616588419404,1.63,0.0299,49.086,89.89,0.0,0.0
TOI-201b,alert,-54:54:38.555,05:49:36.4133,9.715,2459011.79063,0.00012,52.978197,1.7e-05,5.0,6.407069870201601,4.81,0.0789,50.9,88.88,0.28,82.0
TOI-206b,high,-62:31:20.465,04:54:56.9355,14.865,2458325.5431,0.0004,0.7363104,3e-07,148.83,1.1875172604252968,0.67,0.0331,6.69,84.33829211997926,0.0,0.0
TOI-216.01,ttvs,-63:15:36.313,04:55:55.2548,12.418,2458848.97,0.022,34.5073,0.0042,5.55,19.27644297155482,5.47,0.1235,55.07,89.83,0.029,275.0
TOI-216.02,ttvs,-63:15:36.313,04:55:55.2548,12.418,2458892.985,0.064,17.203,0.013,19.11,3.7374574242842673,2.02,0.0833,33.25,88.364,0.132,193.0
TOI-237b,high,-29:24:54.188,23:32:58.2699,16.37,2458697.7198,0.0008,5.436098,3.9e-05,48.85,4.713246801067845,1.22,0.062,34.7,89.5,0.0,0.0
TOI-244b,high,-36:43:05.414,00:42:16.9405,12.74,2459489.1482,0.0025,7.39726,2e-05,81.27,0.8837337752002209,1.24,0.0278,39.663,89.206,0.0,0.0
TOI-251b,high,-37:15:21.133,23:32:14.8377,9.933,2459107.8391,0.001,4.9377254,1e-05,47.48,0.9205560158335634,2.21,0.028,16.3,88.66414914850677,0.0,0.0
TOI-257b,high,-50:49:56.580,03:10:03.9823,7.54,2458808.67779,0.00051,18.387686,2.8e-05,18.58,1.334806222958667,6.49,0.03521,17.6,87.91,0.0,0.0
TOI-262b,high,-31:04:11.530,02:10:08.0354,8.91,2459136.5766,0.001,11.14529,3e-05,74.93,0.4971002485501243,1.52,0.022,41.211,89.011,0.0,0.0
TOI-269b,high,-54:10:37.925,05:03:23.0611,14.41,2458747.91977,0.00036,3.6977155,3.7e-06,35.88,4.8789468839178864,0.99,0.0638,18.53,88.14,0.425,74.0
TOI-270b,high,-51:57:22.436,04:33:39.7202,12.617,2458891.1154,0.0013,3.360156,1.2e-05,79.61,1.0678449783669335,1.39,0.03,17.48,88.65,0.0,0.0
TOI-270c,alert,-51:57:22.436,04:33:39.7202,12.617,2458734.79487,0.00029,5.6605746,4.6e-06,19.46,4.1609131915677064,1.66,0.05825,27.01,89.53,0.0,0.0
TOI-270d,alert,-51:57:22.436,04:33:39.7202,12.617,2458776.58464,0.00037,11.379568,1.2e-05,23.36,3.240357175734143,2.15,0.05143,41.56,89.69,0.0,0.0
TOI-277b,high,-20:57:07.932,01:16:18.5352,13.5,2459119.8264,0.0017,3.994,0.0004,16.95,5.514130534843045,1.64,0.0675,18.752497989306114,88.9,0.0,0.0
TOI-411c,high,-42:45:45.185,03:39:16.7617,8.26,2459161.60861,0.00069,9.573083,1.4e-05,70.77,0.4142502071251036,3.31,0.01912,19.61,88.52726910013182,0.0,0.0
TOI-421b,high,-14:16:37.047,05:27:24.8258,9.93,2458441.2847,0.002,5.19672,0.00049,79.81,0.6167725306084876,1.05,0.0285,14.34,85.68,0.163,128.9
TOI-421c,alert,-14:16:37.047,05:27:24.8258,9.93,2458681.14621,0.00059,16.067531,2.8e-05,12.81,2.9826014913007457,2.68,0.0542,29.91,88.353,0.152,114.7
TOI-431b,high,-26:43:28.268,05:33:04.6006,9.13,2458596.6668,0.0013,0.490052,2.2e-06,134.25,0.3129890453834116,1.07,0.016,3.42,84.3,0.0,0.0
TOI-431d,high,-26:43:28.268,05:33:04.6006,9.13,2458764.61739,0.00013,12.4610213,4.3e-06,14.64,2.135689956733867,3.42,0.041,28.65,89.7,0.0,0.0
TOI-444b,high,-26:45:57.260,04:16:44.1893,9.89,2459190.0391,0.0008,17.9636,4e-05,26.52,1.30718954248366,3.76,0.0325,36.768,89.647,0.0,0.0
TOI-451b,high,-37:56:23.219,04:11:51.9470,10.94,2458410.99,0.0056,1.858703,2.5e-05,103.11,0.478689128233453,2.05,0.0199,6.93,88.2,0.0,0.0
TOI-451c,high,-37:56:23.219,04:11:51.9470,10.94,2459000.1144,0.002,9.192402,6.4e-05,34.05,1.2887784221669887,3.57,0.03237,20.12,89.61,0.0,0.0
TOI-451d,high,-37:56:23.219,04:11:51.9470,10.94,2458727.56733,0.00089,16.364909,4.3e-05,20.07,2.135689956733867,4.1,0.04246,29.56,89.25,0.0,0.0
TOI-470b,high,-25:01:52.039,06:16:02.3170,11.17,2459205.9825,0.0011,12.19148,3e-05,18.06,2.807695848292368,3.06,0.0477,30.917,89.527,0.0,0.0
TOI-481b,high,-57:23:05.599,07:22:02.9954,9.97,2458924.88754,0.00013,10.3311565,3.9e-06,7.39,4.611985639326153,5.76,0.0614,12.52,89.2,0.153,64.8
TOI-500b,high,-47:35:13.872,07:06:13.9752,10.59,2458468.3905,0.0017,0.548177,1.9e-05,183.84,0.2853723649084047,1.02,0.01577,3.769,82.09,0.063,228.5
TOI-530b,medium,+12:52:54.652,06:53:39.0655,15.454,2459128.12298,0.00047,6.3875892,7.4e-06,17.98,29.11718678081561,2.58,0.155,20.97,89.1,0.0,0.0
TOI-532b,low,+11:33:46.083,05:40:19.1883,14.413,2458470.576777,0.00086,2.3266508,3e-06,16.25,9.223971278652305,1.75,0.0877,10.49,88.08,0.0,0.0
TOI-540b,high,-47:56:15.529,05:05:14.4286,14.365,2458411.82601,0.00046,1.2391491,1.7e-06,86.97,1.887139832458805,0.48,0.0436,13.9,86.8,0.0,0.0
TOI-544b,high,-00:20:33.225,05:29:09.5817,10.78,2458469.757,0.0005,1.548351,1.5e-06,61.09,0.8745282150418853,1.17,0.0282,8.17,85.50711065715431,0.0,0.0
TOI-559b,high,-31:09:45.700,03:07:16.4955,11.107,2458893.81305,0.00023,6.9839095,5.1e-06,5.0,10.006443892110834,5.16,0.09097,12.61,89.08,0.151,297.7
TOI-561b,high,+06:12:58.924,09:52:44.5490,10.25,2458517.498,0.001,0.446578,1.7e-05,167.25,0.2853723649084047,1.33,0.0152,2.646,87.0,0.0,0.0
TOI-561c,high,+06:12:58.924,09:52:44.5490,10.25,2459055.2229,0.0012,10.778829,2.5e-05,31.82,1.1691061401086256,3.85,0.0308,22.1,89.53,0.06,200.0
TOI-564b,medium,-16:02:10.607,08:41:10.8395,11.308,2458950.80383,0.00032,1.6511442,1.5e-06,18.55,3.3600294577925065,1.04,0.096,5.32,78.38,0.072,94.0
TOI-615b,medium,-40:32:37.721,08:53:38.1089,10.82,2459259.49383,0.00017,4.6615983,2.5e-06,5.0,11.396483476019515,4.18,0.10023,8.458,86.73,0.0,0.0
TOI-620b,high,-12:09:55.752,09:28:41.5890,12.262,2458992.19724,0.00078,5.0988179,4.5e-06,119.65,0.7824726134585289,0.82,0.0627,18.87,87.47,0.22,276.0
TOI-622b,high,-46:29:03.195,08:21:13.2199,9.0,2458520.69176,0.00031,6.402513,3.1e-05,8.06,3.875540826659302,3.94,0.05989,10.637,86.62,0.0,0.0
TOI-628b,low,+01:46:03.195,06:37:03.1360,10.11,2458629.47972,0.00039,3.4095675,7e-06,5.0,7.870753935376968,3.8,0.08108,7.78,88.41,0.072,286.0
TOI-640b,high,-36:38:46.144,06:38:56.3074,10.51,2459150.26184,0.00027,5.0037904,5.8e-06,6.03,6.793703396851698,3.64,0.08738,6.82,82.54,0.05,159.0
TOI-672b,low,-39:19:40.059,11:11:57.6933,13.576,2458546.4799,0.0002,3.633575,1e-06,12.1,9.21476571849397,1.8,0.0885,15.503,88.43,0.0,0.0
TOI-674b,low,-36:51:29.134,10:58:20.9850,14.203,2458862.847755,8.8e-05,1.9771642,5.1e-07,11.86,14.333057166528583,1.09,0.114,12.8,87.21,0.0,0.0
TOI-677b,medium,-50:27:47.793,09:36:28.6865,9.82,2458918.28242,0.00013,11.2366063,4.1e-06,5.0,10.043266132744177,2.47,0.0942,21.5,87.63,0.435,70.47
TOI-700b,high,-65:34:45.521,06:28:23.2287,13.08,2458490.9867,0.0027,9.97702,0.00024,140.83,0.6167725306084876,2.4,0.0224,34.3,89.66,0.081,285.0
TOI-700c,high,-65:34:45.521,06:28:23.2287,13.08,2458821.62193,0.00042,16.051115,1.8e-05,33.47,2.9365736905090674,1.49,0.0573,47.1,88.868,0.078,81.0
TOI-712b,high,-65:49:33.498,06:11:44.6726,10.84,2458757.26886,0.00068,9.531361,1.8e-05,55.97,0.9389671361502347,1.38,0.02772,27.96183592933687,88.22,0.54,68.0
TOI-712c,alert,-65:49:33.498,06:11:44.6726,10.84,2458946.39598,0.00093,51.69906,0.00017,23.78,1.6938230691337568,4.57,0.03669,79.43326788861724,89.78,0.089,115.0
TOI-776b,high,-37:33:09.836,11:54:18.3919,11.536,2458785.82769,0.00078,8.24663,1.9e-05,45.01,1.2151339409003037,2.43,0.0316,27.87,89.65,0.06,293.0
TOI-776c,high,-37:33:09.836,11:54:18.3919,11.536,2459026.89405,0.00088,15.66534,3.8e-05,37.16,1.408450704225352,2.99,0.0344,39.4,89.51,0.04,349.0
TOI-778b,high,-15:16:24.934,13:17:20.1889,9.11,2458578.7161,0.0001,4.633611,1e-06,5.0,7.40127036730185,3.73,0.0825,7.6,84.7,0.21,28.0
TOI-824b,high,-57:35:17.557,14:48:39.8123,11.31,2458983.66859,0.00031,1.392975,1.3e-06,38.15,1.5097118659670439,1.15,0.0387,6.73,83.65,0.0,0.0
TOI-833b,high,-62:28:34.425,09:42:35.2651,11.724,2458597.256,0.001,1.0418777,3.24e-05,150.4,0.45107244775844607,1.27,0.0194,6.12,87.09652028036982,0.0,0.0
TOI-836b,high,-24:27:14.693,15:00:19.3983,9.937,2458599.9953,0.0019,3.81673,1e-05,71.34,0.6259780907668232,1.76,0.0235,13.831908551565094,87.57,0.053,9.0
TOI-836c,high,-24:27:14.693,15:00:19.3983,9.937,2458599.7623,0.0008,8.59545,1e-05,27.27,1.4820951854920372,2.67,0.0357,22.643361822752375,88.7,0.078,332.0
TOI-837b,medium,-64:30:18.933,10:28:08.9905,10.64,2459023.81863,0.00058,8.324917,1.3e-05,9.86,4.658013440117831,1.99,0.08,17.26,86.89,0.0,0.0
TOI-892b,high,-11:14:07.316,05:46:57.1748,11.43,2459134.53983,0.00038,10.626628,1.6e-05,6.63,7.198748043818466,5.62,0.079,14.2,88.2,0.0,0.0
TOI-905b,low,-71:21:41.236,15:10:38.1656,11.08,2459185.54646,0.00011,3.7395671,1.3e-06,5.0,16.109730277087362,2.01,0.1311,11.0,85.68,0.024,39.0
TOI-913b,high,-80:48:13.628,15:38:17.6173,10.45,2458625.2133,0.0024,11.098644,0.000587,34.75,1.132283899475283,3.33,0.0306,24.352,89.1,0.0,0.0
TOI-942b,alert,-20:14:44.143,05:06:35.8911,11.963,2458441.579,0.0021,4.32421,1.9e-05,24.9,2.3750345208505936,3.41,0.04322,10.12,89.97,0.0,0.0
TOI-942c,alert,-20:14:44.143,05:06:35.8911,11.963,2458447.0563,0.0019,10.156272,3.7e-05,16.52,3.4152628187425202,4.53,0.05202,17.88,89.54,0.0,0.0
TOI-954b,high,-25:12:31.231,04:07:45.8606,10.38,2458411.90651,0.00084,3.6849729,2.7e-06,17.17,2.338212280217251,5.05,0.0462,5.5,84.4,0.14,276.0
TOI-969b,medium,+02:05:56.124,07:40:32.8397,11.65,2459248.37709,0.00036,1.8237305,2e-06,35.05,1.712234189450428,1.52,0.03788139384975162,8.47,86.75,0.0,0.0
TOI-1064c,high,-47:33:41.746,19:44:00.9498,10.95,2459043.51289,0.00069,12.226574,4.6e-05,45.92,1.1138727791586118,2.18,0.03347,29.192851302250723,88.455,0.088,25.0
TOI-1107b,high,-82:13:07.977,10:22:25.8181,10.55,2459385.0123,0.0002,4.0782387,2.4e-06,5.91,6.572769953051643,4.92,0.07379,6.598406872778844,88.63,0.025,71.97
TOI-1130b,alert,-41:26:15.082,19:05:30.2235,11.59,2458866.5752,0.0013,4.079539,2.6e-05,17.95,2.8905458897173895,1.89,0.0486,13.4,87.98,0.22,51.8
TOI-1130c,alert,-41:26:15.082,19:05:30.2235,11.59,2458841.6013,0.00013,8.3498494,6e-06,5.0,15.133940900303784,1.97,0.218,22.21,87.43,0.047,332.0
TOI-1136b,high,+64:51:19.147,12:48:44.3726,9.53,2458684.2689,0.0128,4.17278,0.00024,111.36,0.3406057258584185,2.08,0.018,11.29,86.44,0.031,45.0
TOI-1136c,high,+64:51:19.147,12:48:44.3726,9.53,2458688.7211,0.0036,6.25725,0.00017,37.36,0.9021448955168921,3.65,0.02725,14.8,89.42,0.117,247.0
TOI-1136d,high,+64:51:19.147,12:48:44.3726,9.53,2458686.0671,0.0012,12.51937,0.00037,14.32,2.310595599742244,4.08,0.04379,23.5,89.41,0.016,118.0
TOI-1136e,high,+64:51:19.147,12:48:44.3726,9.53,2458697.7758,0.0022,18.7992,0.0017,43.99,0.7364448126668508,4.65,0.02497,30.81,89.31,0.057,294.0
TOI-1136f,high,+64:51:19.147,12:48:44.3726,9.53,2458699.3854,0.0018,26.3162,0.0017,20.42,1.5741507870753935,4.92,0.03671,38.56,89.38,0.012,140.0
TOI-1181b,low,+64:21:15.661,19:48:51.8094,10.58,2458684.4058,0.0017,2.103195,1.2e-05,5.77,7.060664641443432,4.09,0.0764,4.19,87.0,0.0,0.0
TOI-1201b,high,-14:32:14.943,02:48:59.2728,12.26,2458822.84776,0.00037,2.4919726,2.4e-06,43.24,2.2829789192672374,1.5,0.04383,12.23,88.11,0.0,0.0
TOI-1231b,medium,-52:28:09.945,10:26:59.4934,12.302,2458685.1163,0.00048,24.245586,6.4e-05,10.77,5.974408542759827,3.27,0.0701,58.1,89.73,0.087,176.0
TOI-1246b,high,+70:25:46.701,16:44:27.9563,11.858,2458686.5658,0.001,4.30744,2e-05,59.38,1.1138727791586118,2.23,0.031,13.4,87.9,0.0,0.0
TOI-1246d,high,+70:25:46.701,16:44:27.9563,11.858,2458688.9653,0.009,18.6559,0.00048,37.24,1.583356347233729,3.95,0.036,35.7,89.5,0.0,0.0
TOI-1259Ab,low,+79:15:21.760,18:48:24.0713,12.144,2458996.240605,3.9e-05,3.4779791,5.6e-07,5.43,28.215041885298717,2.48,0.14762,12.314,89.7,0.0,0.0
TOI-1260b,high,+65:51:16.381,10:28:35.0250,11.973,2459065.564269,0.000396,3.127463,5e-06,48.01,1.3716284635920095,2.07,0.0329,11.73,89.03,0.0,0.0
TOI-1260d,high,+65:51:16.381,10:28:35.0250,11.973,2459062.017406,0.001309,16.608164,8.3e-05,28.69,2.089662155942189,3.18,0.0425,35.69,89.14,0.0,0.0
TOI-1266c,high,+65:50:01.703,13:11:59.5602,12.951,2459122.3981,0.002,18.80171,0.00012,66.65,1.2979839823253243,2.19,0.0346,53.0,89.3,0.0,0.0
TOI-1268b,low,+62:18:19.605,13:13:33.4088,10.92,2458703.5895,0.0003,8.157728,5e-06,5.0,9.895977170210807,3.91,0.089,17.215,89.552,0.0,0.0
TOI-1272b,high,+49:51:39.739,13:16:47.1902,11.878,2458713.0253,0.0006,3.31599,2e-05,25.69,2.7340513670256836,1.57,0.048,11.23,86.67636925542497,0.338,123.6
TOI-1288b,low,+65:36:32.685,20:52:39.9782,10.44,2458712.3587,0.0002,2.699835,4e-06,16.03,2.7800791678173615,2.38,0.0476,8.5,88.3,0.064,139.0
TOI-1296b,low,+70:14:18.635,17:07:05.0183,11.37,2459092.4746,0.0002,3.9443728,4e-06,6.7,7.115898002393446,4.83,0.07599,6.44,88.81,0.055,137.0
TOI-1298b,low,+70:11:23.461,16:05:17.6072,11.89,2459101.99705,0.00027,4.5371453,5.8e-06,11.17,4.547546718217804,3.95,0.06119,9.0,88.96,0.032,130.0
TOI-1333b,medium,+48:24:24.525,21:40:03.5039,9.437,2458913.37033,0.00045,4.720219,1.1e-05,5.38,6.333425388934916,4.64,0.0745,6.98,85.7,0.073,105.0
TOI-1338b,high,-59:32:28.081,06:08:31.9675,11.975,2458342.15,0.8,95.174,0.031,28.57,1.914756512933812,5.88,0.04724,74.49,89.37,0.088,258.6
TOI-1411b,high,+47:03:24.609,15:31:46.8163,10.346,2458739.4762,0.0014,1.4520358,9.8e-06,117.77,0.4050446469667679,1.5,0.0181,7.16,87.43844152703117,0.0,0.0
TOI-1416b,high,+41:57:12.319,14:27:41.7655,9.98,2458739.4621,0.0008,1.0697568,2.8e-06,101.51,0.4234557672834392,1.51,0.01873,5.14,85.7,0.0,0.0
TOI-1422b,alert,+39:38:21.888,23:36:57.8896,10.62,2458745.9205,0.0012,12.9972,0.0006,26.52,1.537328546442051,4.37,0.0356,22.72,89.52,0.04,153.0
TOI-1431b,low,+55:35:16.509,21:04:48.8646,8.02,2458739.17737,7e-05,2.650237,3e-06,5.46,5.6706250575347505,2.49,0.07955,5.15,80.13,0.0022,108.0
TOI-1442b,high,+74:10:20.222,19:09:09.7936,15.066,2458683.4523,0.0003,0.4090677,3e-07,158.23,1.4452729448586947,0.63,0.0346,4.92,86.15410305420575,0.0,0.0
TOI-1452b,high,+73:11:43.537,19:20:41.7258,15.081,2458691.5321,0.0015,11.06201,2e-05,33.81,3.857129706342631,1.85,0.055587768438749185,47.33142323788856,89.77,0.0,0.0
TOI-1468b,high,+19:13:33.163,01:06:36.9754,13.32,2458765.68079,0.0007,1.8805136,2.4e-06,86.7,1.4176562643836876,1.07,0.0345,13.14,88.47,0.0,0.0
TOI-1468c,high,+19:13:33.163,01:06:36.9754,13.32,2458766.9269,0.0012,15.532482,3.4e-05,30.64,3.406057258584185,1.88,0.0557,53.69,89.335,0.0,0.0
TOI-1470b,alert,+61:12:49.056,00:40:21.2900,13.454,2458766.4702,0.0006,2.527093,4e-06,56.75,2.016017674675504,1.28,0.0426,13.05,87.42,0.0,0.0
TOI-1470c,high,+61:12:49.056,00:40:21.2900,13.454,2458772.176,0.003,18.08816,6e-05,34.97,2.697229126392341,2.7,0.0481,48.46,89.47,0.0,0.0
TOI-1478b,alert,-13:33:35.427,08:25:44.1070,10.72,2459045.65659,0.00017,10.1803074,5.6e-06,5.0,12.482739574703121,4.24,0.104,18.54,88.51,0.024,250.0
TOI-1516b,low,+69:30:13.455,22:40:20.2606,10.86,2458765.325,0.0001,2.056014,2e-06,5.0,18.1349535119212,2.92,0.1224,6.0658,90.0,0.0,0.0
TOI-1518b,low,+67:02:05.377,23:29:04.2246,8.95,2458806.075406,9.6e-05,1.9026144,1.6e-06,5.0,8.64402098867716,2.36,0.0988,4.1755,77.84,0.0,0.0
TOI-1601b,medium,+41:00:48.368,02:33:26.7468,10.66,2458990.55302,0.00081,5.331751,1.1e-05,9.33,4.1332965110927,6.35,0.05827,6.76,88.84,0.036,180.0
TOI-1670c,high,+72:09:40.173,17:16:04.1608,9.89,2458750.88286,0.00085,40.74976,2.2e-05,5.77,5.965202982601491,5.41,0.077,40.68,88.84,0.09,105.5
TOI-1680b,high,+65:58:27.727,19:29:15.2115,16.14,2459013.84254,0.00037,4.8026345,4e-06,54.19,5.035441406609592,1.19,0.0638,32.04,89.58,0.0,0.0
TOI-1685b,high,+43:02:14.689,04:34:22.4952,13.378,2458816.2255,0.0011,0.6691416,1.9e-06,129.57,1.0034060572585841,0.9,0.0291,5.41,85.59,0.0,0.0
TOI-1693b,high,+34:46:23.400,06:01:14.0317,12.79,2458817.6827,0.0014,1.7666957,5.4e-06,101.68,0.957378256466906,1.26,0.0281,10.55,88.37051647524578,0.0,0.0
TOI-1694b,low,+66:21:38.458,06:30:59.5710,11.45,2458817.2662,0.0004,3.770179,5.8e-05,11.46,4.556752278376139,2.86,0.061,10.206,88.17,0.0,0.0
TOI-1710b,high,+76:12:38.809,06:17:07.8623,9.54,2459031.23025,0.00042,24.283429,4.3e-05,10.22,3.1114793335174444,5.25,0.0506,34.2,89.6,0.16,17.0
TOI-1728b,low,+64:47:48.931,08:02:26.5503,12.397,2459087.67385,0.00032,3.491405,3.5e-06,11.14,6.5359477124183,1.91,0.074,13.48,88.31,0.057,45.0
TOI-1759b,high,+62:45:13.903,21:47:24.7901,11.434,2458745.4654,0.0011,18.85019,0.00013,17.19,2.8905458897173895,3.44,0.0483,42.97200567755518,89.72,0.0,0.0
TOI-1789b,low,+26:32:24.595,09:30:58.4266,9.72,2459383.83993,0.00028,3.2087183,3.3e-06,15.34,2.503912363067293,2.31,0.068,4.83,78.41,0.0,0.0
TOI-1807b,high,+38:55:20.946,13:25:07.9958,9.97,2457000.166,0.024,0.549372,7e-06,76.73,0.6443892110834943,0.97,0.0249,3.31,77.7,0.0,0.0
TOI-1811b,low,+27:12:51.922,12:35:41.4191,11.51,2459126.36846,0.00017,3.7130765,1.7e-06,5.0,17.812758906379454,1.95,0.13272,12.28,86.48,0.052,21.0
TOI-1820b,low,+27:27:07.725,12:30:44.7541,10.9,2458903.0638,0.0006,4.860674,5e-06,8.77,5.514130534843045,2.87,0.0777,8.7,84.4,0.043,9.0
TOI-1842b,high,+09:01:50.435,13:27:51.0619,9.81,2459402.4575,0.0026,9.5739,0.0002,11.09,3.1114793335174444,4.29,0.052,16.2,88.4,0.0,0.0
TOI-1859b,high,+69:31:22.531,18:39:19.5873,10.33,2458662.6558,0.0014,63.48347,0.0001,7.77,4.924974684709564,4.8,0.066,49.75,88.64,0.57,79.9
TOI-1860b,high,+64:02:49.941,15:05:49.9038,8.41,2458683.6041,0.0003,1.0662107,1.4e-06,212.42,0.17490564300837705,1.3,0.0129,4.71,81.57603393420024,0.0,0.0
TOI-1899b,high,+40:08:35.754,19:57:42.3954,14.88,2458711.9578,0.0012,29.02,0.36,8.83,46.561723280861635,4.71,0.194,56.22,89.77,0.118,347.0
TOI-1937Ab,low,-52:22:59.906,07:45:28.9826,13.246,2459085.91023,0.00012,0.94667944,4.7e-07,9.27,12.372272852803093,1.37,0.11874342087037917,3.85,77.0,0.0,0.0
TOI-2000c,low,-66:41:12.065,09:45:35.4863,10.98,2459110.06588,0.00027,9.127055,7.3e-06,9.5,4.713246801067845,3.66,0.06581,16.64,87.86,0.063,196.0
TOI-2018b,high,+29:12:22.227,15:19:21.1530,10.168,2458958.258,0.0013,7.435583,2.2e-05,31.99,1.2887784221669887,2.36,0.0335,21.12,88.52,0.0,0.0
TOI-2025b,low,+82:14:43.563,18:51:10.8387,11.6,2459089.53337,0.00025,8.8720982,7.7e-06,7.56,6.775292276535027,3.61,0.07469,13.12,88.65,0.394,91.8
TOI-2046b,low,+74:19:52.857,01:04:44.3624,11.55,2457792.2767,0.0024,1.4971842,3.1e-06,5.0,16.671269446745832,2.48,0.1213,4.6516,83.6,0.0,0.0
TOI-2048b,high,+52:18:22.731,15:51:41.8029,11.43,2458739.1174,0.012,13.79019,0.00065,74.6,0.6904170118751726,3.09,0.0239,32.9,89.41,0.0,0.0
TOI-2076b,ttvs,+39:47:25.543,14:29:34.2426,9.14,2458805.85425,0.00029,10.355489,3.2e-05,17.27,1.8503175918254624,3.33,0.0395,22.5,88.9,0.0,0.0
TOI-2076c,ttvs,+39:47:25.543,14:29:34.2426,9.14,2459274.08398,0.0008,21.01538,0.00084,16.59,1.8503175918254624,4.2,0.04164,30.5,88.74,0.0,0.0
TOI-2076d,ttvs,+39:47:25.543,14:29:34.2426,9.14,2458938.2915,0.0014,35.12537,0.00067,28.03,1.15990057995029,3.04,0.03848,43.0,88.778,0.0,0.0
TOI-2081b,high,+53:01:32.531,17:37:12.7357,13.369,2458685.8996,0.0029,10.50534,7e-05,51.19,1.8687287121421337,2.59,0.0396,30.3,89.34,0.0,0.0
TOI-2109b,low,+16:34:47.839,16:52:44.7202,10.22,2459378.45937,5.9e-05,0.67247414,3e-08,6.64,6.701647795268342,1.92,0.08155,2.268,70.74,0.0,0.0
TOI-2136b,high,+36:33:44.530,18:44:42.3658,14.161,2459017.7043,0.0009,7.851928,1.8e-05,29.45,4.1885298720427135,1.66,0.0591,35.75,89.4,0.0,0.0
TOI-2145b,high,+40:41:42.207,17:35:01.9467,9.06,2459023.54156,0.00071,10.26075,0.00083,14.93,1.9239620730921474,7.47,0.03996,8.65,88.1,0.208,93.0
TOI-2152Ab,low,+77:47:24.626,01:45:21.2186,11.44,2458927.6498,0.00023,3.3773512,6e-06,6.36,7.723464972843598,3.65,0.0816,6.76,86.42,0.057,96.0
TOI-2154b,low,+84:21:51.118,04:44:06.8691,11.07,2459148.60166,0.0011,3.8240801,2.5e-06,5.0,10.402282978919267,2.47,0.10693,7.91,83.37,0.117,31.0
TOI-2158b,high,+20:31:36.670,18:27:14.4611,10.89,2459018.9225,0.001,8.60077,3e-05,9.75,4.391052195526097,3.72,0.07,11.4,85.7,0.0,0.0
TOI-2194b,high,-31:20:07.141,19:56:37.0263,8.44,2459037.3678,0.0013,15.337597,0.001585,34.37,0.8377059744085428,3.4,0.0263,32.393,89.27,0.0,0.0
TOI-2207b,high,-44:53:15.025,20:30:23.1831,11.32,2459283.82747,0.00046,8.001968,2.4e-05,9.62,5.109085887876277,4.62,0.06536818798161687,13.62,88.84,0.0,0.0
TOI-2236b,medium,-86:58:47.752,01:20:39.9146,11.412,2459011.45704,0.00023,3.5315902,2.6e-06,7.43,6.9778146000184105,3.05,0.08373171442171717,6.84,83.58,0.0,0.0
TOI-2260b,high,+49:02:47.488,16:30:40.1197,10.47,2458928.239,0.0007,0.3524728,4.7e-06,218.31,0.26696124459173337,0.83,0.0165,2.32,70.61607104949928,0.0,0.0
TOI-2338b,high,-34:40:05.974,05:25:22.6519,12.48,2458458.7545,0.0008,22.65398,2e-05,5.62,11.856761483936298,3.76,0.098,32.3,89.52,0.676,12.6
TOI-2364b,medium,-05:00:43.067,05:56:31.1936,12.289,2459058.21396,0.00033,4.0197517,4.3e-06,7.2,9.822332688944122,2.78,0.08910667763978186,11.84,88.98,0.0,0.0
TOI-2411b,high,-08:42:04.981,01:23:41.5128,11.2,2459116.0139,0.001,0.7826942,3.7e-06,131.02,0.5339224891834667,1.35,0.0211,4.24,84.7224095524348,0.0,0.0
TOI-2421b,high,-35:23:27.248,02:12:36.9282,11.42,2458957.02765,0.00064,4.3474032,7.9e-06,13.23,3.4797017398508694,4.87,0.05430469592954185,6.67,86.49,0.0,0.0
TOI-2427b,high,-31:21:46.961,03:29:09.8334,10.29,2459169.6202,0.0004,1.3060011,1.02e-05,104.85,0.50630580870846,0.85,0.0242,6.38,82.16252023691571,0.0,0.0
TOI-2443b,high,+01:11:55.240,02:40:42.8731,9.509,2459148.0988,0.0007,15.669494,0.000926,20.39,1.5097118659670439,4.53,0.0347,26.293,89.38,0.0,0.0
TOI-2445b,high,+00:03:08.784,02:53:15.8181,15.688,2459144.5697,0.0004,0.3711281,5e-07,115.56,2.1909233176838807,0.56,0.0424,5.1,86.96527529344145,0.0,0.0
TOI-2459b,high,-39:22:23.226,05:28:34.2813,10.77,2458452.3342,0.0007,19.104718,2.3e-05,19.84,1.9791954340421614,3.25,0.04,44.432,89.59,0.0,0.0
TOI-2497b,high,+11:53:03.029,06:00:15.0079,9.55,2459109.19818,0.0011,10.655669,3.8e-05,14.34,2.163306637208874,7.92,0.04333,10.63,88.16,0.195,340.0
TOI-2498b,alert,+11:15:06.243,06:21:39.8931,11.2,2459204.4167,0.0001,3.738252,4e-06,28.17,1.8687287121421337,2.72,0.04,9.175800354718291,87.12,0.089,89.99
TOI-2567b,low,+66:20:52.434,19:13:51.8041,12.407,2459007.78085,0.00052,5.983944,1.3e-05,15.01,4.298996593942741,5.45,0.05947268280479703,8.64,88.3,0.0,0.0
TOI-2570b,low,+32:05:02.802,05:48:45.1374,12.652,2459393.14532,0.00021,2.9887615,2.2e-06,6.59,15.640246709012242,3.01,0.11419281938896159,8.13,87.73,0.0,0.0
TOI-2583Ab,low,+45:20:12.761,18:09:04.0755,12.616,2459216.01039,0.00036,4.5207265,4.9e-06,7.58,9.702660406885759,4.41,0.08977750274985377,8.31,88.16,0.0,0.0
TOI-2587Ab,high,-01:04:23.606,07:43:43.5877,11.54,2458950.09242,0.00076,5.45664,1.1e-05,11.9,4.234557672834391,4.17,0.06410928169929843,7.92,84.81,0.0,0.0
TOI-2641b,high,-42:43:55.551,11:24:31.3351,11.69,2459332.21332,0.00064,4.880974,2.3e-05,28.5,2.31980115990058,1.52,0.124,9.677,83.75,0.0,0.0
TOI-2803Ab,low,-23:29:33.168,06:12:27.5367,12.544,2459207.6864,0.00022,1.96229325,8.2e-07,6.65,21.642271932247077,3.09,0.13345411196362592,5.512,89.0,0.0,0.0
TOI-2818b,medium,-35:07:00.017,07:56:14.3640,11.962,2459023.44641,0.00025,4.039709,2.4e-06,5.47,15.575807787903894,3.8,0.1140175425099138,8.63,87.73,0.0,0.0
TOI-2842b,medium,-10:38:21.688,07:12:10.6061,12.598,2459172.17909,0.00077,3.5514058,7.7e-06,9.65,8.469115345668783,2.57,0.09311283477587824,8.07,84.42,0.0,0.0
TOI-2977b,low,-60:21:27.237,09:35:42.4094,12.531,2459373.83677,0.00029,2.3505614,2.5e-06,6.41,15.621835588695571,2.94,0.11247221879201992,6.806,89.19,0.0,0.0
TOI-3023b,low,-72:21:24.534,11:01:16.0250,12.24,2459071.1922,0.0003,3.9014971,3.1e-06,6.4,10.006443892110834,4.97,0.09027735042633894,6.53,88.9,0.0,0.0
TOI-3082b,high,-19:13:07.907,13:03:38.0728,13.05,2459309.1199,0.001,1.926907,0.000128,31.59,2.9549848108257386,1.71,0.0489,8.519,87.63,0.0,0.0
TOI-3235b,low,-46:03:58.454,13:49:53.9776,15.699,2459690.00173,4.5e-05,2.59261842,4.1e-07,13.81,94.90011967228206,1.48,0.2828,15.75,88.14,0.0,0.0
TOI-3331Ab,low,-34:06:25.551,18:05:17.7995,11.64,2459371.653,0.0002,2.0180231,4.3e-06,5.06,17.508975421154375,2.12,0.12485992151206887,7.09,85.4,0.0,0.0
TOI-3362b,alert,-56:50:35.342,10:23:56.2397,10.86,2458529.325,0.001,18.09547,3e-05,9.39,4.943385805026236,2.73,0.064,19.22,89.14,0.815,50.87
TOI-3364b,high,-49:20:07.018,09:38:09.1068,11.45,2459090.99481,0.0004,5.8768918,6.9e-06,6.74,7.603792690785234,4.64,0.07899367063252599,10.24,88.79,0.0,0.0
TOI-3629b,low,+39:18:51.304,23:59:10.1643,14.633,2458784.256,0.001,3.936551,5e-06,11.37,19.386909693454843,2.25,0.126,15.4,89.1,0.05,250.0
TOI-3688Ab,low,+54:51:04.551,02:37:07.7271,12.24,2459108.0507,0.0014,3.246075,1.2e-05,6.67,10.199760655435883,3.49,0.09219544457292887,7.53,87.9,0.0,0.0
TOI-3693b,medium,+51:18:14.340,01:02:37.0660,11.95,2458806.68164,0.00032,9.088516,2.6e-05,5.24,26.67771333885667,3.56,0.14608216865860116,22.13,89.57,0.0,0.0
TOI-3714b,low,+39:27:29.909,04:38:12.5354,15.274,2458840.5093,0.0004,2.154849,1e-06,12.04,51.37623124367118,1.64,0.204,11.5,88.7,0.03,100.0
TOI-3785b,low,+63:04:41.339,08:43:36.1519,14.668,2458861.49553,0.0006,4.6747373,3.8e-06,12.4,10.485133020344287,1.6,0.0962,18.89,88.1,0.11,96.26
TOI-3819b,low,+29:23:19.472,08:07:27.1889,12.516,2459502.7437,0.00038,3.2443141,5.5e-06,13.43,5.845530700543128,2.78,0.07829431652425353,6.43,82.79,0.0,0.0
TOI-3884b,campaign,+12:30:24.883,12:06:17.4370,15.852,2459642.86314,0.00012,4.5445697,9.4e-06,14.37,41.47104851330203,1.64,0.1808,25.01,90.1,0.0,0.0
TOI-3912b,low,+24:04:35.635,14:23:12.3501,12.398,2459442.81871,0.00037,3.4936264,3.8e-06,7.39,9.997238331952499,3.56,0.0940744386111339,7.16,85.64,0.0,0.0
TOI-3976Ab,low,+44:16:27.403,14:57:25.4706,12.318,2459011.15791,0.00077,6.607662,1.6e-05,10.88,6.407069870201601,4.52,0.07496665925596525,10.63,87.28,0.0,0.0
TOI-4010b,alert,+66:04:20.241,01:20:51.4586,12.413,2459007.549,0.001,1.348335,3e-06,56.7,1.3716284635920095,1.83,0.033,5.735790403843654,88.1,0.03,0.0
TOI-4010c,low,+66:04:20.241,01:20:51.4586,12.413,2459000.0523,0.0008,5.414654,7e-06,13.6,5.219552609776304,2.71,0.065,15.188594029523738,88.8,0.03,57.0
TOI-4010d,low,+66:04:20.241,01:20:51.4586,12.413,2458985.985,0.001,14.70886,3e-05,12.79,5.385252692626346,3.15,0.068,31.30986746853972,89.0,0.07,109.0
TOI-4087b,low,+83:22:21.579,14:31:42.3348,11.741,2459244.566414,9.3e-05,3.1774835,9.4e-07,5.32,13.72549019607843,2.98,0.10754068997360952,8.63,87.82,0.0,0.0
TOI-4137b,low,+70:23:27.931,05:10:27.0303,11.31,2458990.46651,0.00033,3.8016122,6.5e-06,6.09,8.2665930221854,3.43,0.08654478609367522,7.8,85.7,0.0,0.0
TOI-4145Ab,low,+80:16:02.791,02:37:43.0668,12.08,2458925.88211,0.00017,4.0664428,5.8e-06,5.39,19.156770689496454,2.1,0.14195069566578392,12.07,86.2,0.0,0.0
TOI-4308b,high,-43:33:44.480,21:51:00.8393,11.25,2458333.4284,0.0026,9.151201,3.6e-05,50.55,0.9297615759918991,2.83,0.0279,23.606,89.07,0.0,0.0
TOI-4342b,high,-77:58:43.510,21:37:32.8637,12.624,2458654.53559,0.00059,5.5382498,5.7e-06,45.12,1.4728896253337016,2.22,0.03491,18.97,89.13,0.0,0.0
TOI-4342c,high,-77:58:43.510,21:37:32.8637,12.624,2458659.34623,0.00096,10.688716,1.5e-05,37.39,1.6846175089754212,2.83,0.03719,29.4,89.63,0.0,0.0
TOI-4406b,alert,-56:55:31.690,01:12:11.5785,11.088,2458372.194,0.001,30.08364,5e-05,7.85,5.615391696584736,3.73,0.079,36.3,88.48,0.15,39.0
TOI-4463Ab,low,+18:43:47.043,18:37:25.9564,11.04,2459291.64004,0.00032,2.8807198,2.8e-06,5.0,11.157138911902788,1.86,0.11449890829173874,8.17,83.82,0.0,0.0
TOI-4479b,alert,+24:39:15.102,21:04:23.1618,15.2,2459420.7578,0.0013,1.1589,1e-05,53.57,4.464696676792783,1.07,0.062,7.8,86.36,0.0,0.0
TOI-4600b,high,+64:33:58.217,17:13:48.0698,12.673,2459750.1421,0.002,82.6869,0.0003,9.13,6.802908957010033,7.59,0.0769,100.61,89.76,0.25,260.0
TOI-4600c,high,+64:33:58.217,17:13:48.0698,12.673,2459751.6008,0.002,482.8191,0.0018,6.05,13.440117831170026,10.32,0.1067,311.36750462685507,89.9,0.21,142.0
TOI-4603b,high,+21:17:39.624,05:35:27.8228,9.2,2459549.126,0.0014,7.24599,0.00022,29.88,1.132283899475283,2.86,0.0391,6.97,80.21,0.325,20.4
TOI-4791b,high,-19:49:44.275,07:17:33.2272,11.471,2459237.59508,0.00036,4.28088,2.2e-05,7.76,7.0054312804934185,3.34,0.08093207028119323,8.46,85.55,0.0,0.0
TOI-5678b,high,-34:11:53.149,03:09:32.2118,11.44,2458424.7059,0.0035,47.73022,0.00014,15.38,2.8353125287673753,7.32,0.048,54.60019846350322,89.83,0.14,208.0
TOI-5704b,alert,+44:59:20.922,11:19:17.8993,12.41,2459610.7568,0.0008,3.771116,1.15e-05,27.42,1.9331676332504832,2.51,0.0389,11.695,88.94,0.0,0.0
TOI-5803b,high,+06:16:42.021,21:48:59.6545,10.66,2459802.7103,0.0004,5.38305,0.000207,27.34,1.8779342723004695,1.41,0.0393,28.596,89.3,0.0,0.0
TRAPPIST-1b,high,-05:02:29.031,23:06:29.3684,18.798,2457322.51736,0.0001,1.5108708,6e-07,58.91,10.043266132744177,0.61,0.0852,20.5,89.65,0.0,0.0
TRAPPIST-1c,high,-05:02:29.031,23:06:29.3684,18.798,2457282.80728,0.00019,2.4218233,1.7e-06,59.03,9.463315842769031,0.71,0.0829,28.08,89.67,0.0,0.0
TRAPPIST-1d,high,-05:02:29.031,23:06:29.3684,18.798,2457670.1417,0.0003,4.04961,6e-05,104.89,5.044646966767928,0.82,0.0606,39.5,89.75,0.0,0.0
TRAPPIST-1e,high,-05:02:29.031,23:06:29.3684,18.798,2457660.3786,0.0004,6.099615,1.1e-05,70.28,7.161925803185124,0.95,0.072,52.0,89.86,0.0,0.0
TRAPPIST-1f,high,-05:02:29.031,23:06:29.3684,18.798,2457671.39767,0.00023,9.20669,1.5e-05,55.65,8.782104391052194,1.04,0.082,68.4,89.68,0.0,0.0
TRAPPIST-1g,high,-05:02:29.031,23:06:29.3684,18.798,2457665.3494,0.00021,12.35294,0.00012,47.18,10.061677253060848,1.14,0.0884,83.2,89.71,0.0,0.0
TRAPPIST-1h,high,-05:02:29.031,23:06:29.3684,18.798,2457662.5528,0.0004,18.767,0.004,103.48,4.501518917426125,1.2,0.059,117.0,89.8,0.0,0.0
TrES-1b,low,+36:37:57.445,19:04:09.8516,11.42,2456822.891157,6.3e-05,3.030069476,7.2e-08,5.0,23.29927276074749,2.5,0.1358,10.52,90.0,0.0,0.0
TrES-2b,low,+49:18:59.090,19:07:14.0379,11.25,2455706.8297691,4.1e-06,2.470613372,2.4e-08,5.0,14.29623492589524,1.79,0.1254,7.903,83.872,0.0,0.0
TrES-3b,low,+37:32:46.237,17:52:07.0185,12.402,2457585.914587,2.2e-05,1.306186348,3.5e-08,5.82,26.088557488723186,1.38,0.17,6.0,82.0,0.0,0.0
TrES-4b,low,+37:12:42.586,17:53:13.0490,11.592,2457482.75059,0.00025,3.55392889,4.4e-07,5.0,11.09269999079444,3.67,0.1045,6.14,83.1,0.0,0.0
TrES-5b,low,+59:26:55.574,20:20:53.2483,13.58,2457011.470352,7.7e-05,1.482246865,9.3e-08,10.43,22.765350271564024,1.82,0.142,6.19,84.65,0.0,0.0
V1298Taub,high,+20:09:25.563,04:05:19.5912,10.12,2457067.0496,0.0018,24.1396,0.0018,5.75,5.790297339593114,6.56,0.07,27.0,89.0,0.0,0.0
V1298Tauc,alert,+20:09:25.563,04:05:19.5912,10.12,2457064.2797,0.0034,8.24958,0.00072,19.55,1.7766731105587774,4.68,0.0381,13.19,88.49,0.0,0.0
V1298Taud,high,+20:09:25.563,04:05:19.5912,10.12,2457072.3913,0.003,12.4032,0.0015,14.42,2.3566234005339224,5.49,0.0436,17.31,89.04,0.0,0.0
WASP-1b,low,+31:59:23.953,00:20:40.0746,11.31,2456031.78981,0.0002,2.51994701,3e-07,5.0,13.081100984994936,3.76,0.1036,5.69,90.0,0.0,0.0
WASP-2b,low,+06:25:46.338,20:30:54.1279,11.98,2455229.043082,7.5e-05,2.15222216,1.3e-07,5.0,17.94163674859615,1.77,0.1326,8.08,84.81,0.0,0.0
WASP-3b,low,+35:39:41.489,18:34:31.6255,10.63,2456598.295066,7.5e-05,1.846835096,7.4e-08,5.0,12.482739574703121,2.8,0.105,5.0,84.15,0.0,0.0
WASP-4b,low,-42:03:41.049,23:34:15.0858,12.48,2456139.07356,2.4e-05,1.338231388,2.2e-08,5.54,28.877842216698888,2.17,0.152,5.451,89.1,0.0,0.0
WASP-5b,low,-41:16:37.745,23:57:23.7565,12.3,2456228.778748,7.2e-05,1.628429971,6.6e-08,5.41,14.406701647795268,2.41,0.1108,5.37,85.6,0.0,0.0
WASP-6b,medium,-22:40:26.277,23:12:37.7368,11.91,2455883.696962,6.5e-05,3.36100215,1.6e-07,5.28,25.609868360489735,2.61,0.1446,10.9,88.5,0.054,1.7
WASP-7b,high,-39:13:30.859,20:44:10.2207,9.5,2458885.16439,0.00012,4.95464969,7.6e-07,5.0,10.365460738285924,3.89,0.0956,9.52,87.0,0.0,0.0
WASP-8b,high,-35:01:52.923,23:59:36.0711,9.87,2458301.80945,0.0001,8.15872656,7.8e-07,5.0,14.112123722728528,4.41,0.113,18.2,88.55,0.31,274.27
WASP-10b,low,+31:27:46.294,23:15:58.3005,12.7,2456253.700518,8.2e-05,3.09272813,1.7e-07,5.76,32.01693823069134,2.27,0.1592,11.65,88.49,0.0,0.0
WASP-11b,low,+30:40:24.868,03:09:28.5427,11.57,2456646.984352,7.6e-05,3.72247919,1.8e-07,5.0,21.90002761668047,2.58,0.131,12.3,89.1,0.0,0.0
WASP-12b,ttvs,+29:40:20.266,06:30:32.7966,11.57,2457036.706177,5.5e-05,1.091419179,4.3e-08,5.0,16.395102641995763,3.0,0.1178,3.04,83.4,0.0,0.0
WASP-13b,low,+33:52:56.699,09:20:24.7143,10.42,2457077.3036,0.00028,4.35301101,6.6e-07,5.0,10.098499493694192,3.89,0.0933,8.51,86.9,0.0,0.0
WASP-14b,low,+21:53:40.982,14:33:06.3573,9.745,2455798.61781,0.00013,2.24376639,2.3e-07,5.0,9.693454846727422,2.85,0.0942,5.99,84.63,0.083,252.7
WASP-15b,medium,-32:09:34.615,13:55:42.7119,10.91,2456310.66382,0.00016,3.75209956,5.3e-07,5.0,10.126116174169198,3.75,0.0951,7.3,85.7,0.0,0.0
WASP-16b,low,-20:16:31.842,14:18:43.9226,11.29,2456355.79653,0.00013,3.11860349,2.7e-07,5.0,12.537972935653134,2.1,0.119,8.21,84.0,0.0,0.0
WASP-17b,low,-28:03:42.309,15:59:50.9489,11.59,2457569.98347,0.00012,3.73548545,2.6e-07,5.0,17.914020068121147,4.35,0.1235,7.03,87.1,0.0,0.0
WASP-18b,medium,-45:40:40.376,01:37:25.0335,9.3,2458501.324483,1.9e-05,0.941452417,1.9e-08,5.0,11.129522231427782,2.18,0.09716,3.562,84.9,0.0091,269.0
WASP-19b,ttvs,-45:39:33.055,09:53:40.0764,12.31,2456885.482836,3.7e-05,0.788839092,2.4e-08,5.92,21.135966123538616,1.66,0.1409,3.46,78.8,0.002,259.0
WASP-20b,medium,-23:56:08.793,00:20:38.5321,10.779,2458087.08446,0.00013,4.89964477,5.1e-07,5.0,11.276811193961152,3.29,0.101,10.6,86.8,0.0,0.0
WASP-21b,low,+18:23:45.882,23:09:58.2534,11.55,2457738.54027,0.00017,4.32250416,8e-07,5.0,13.145539906103286,3.4,0.104,10.54,88.8,0.0,0.0
WASP-22b,high,-23:49:10.841,03:31:16.3269,11.99,2456850.43601,0.00015,3.53272912,4.5e-07,5.0,11.552977998711222,3.48,0.0978,8.38,88.6,0.0,0.0
WASP-23b,low,-42:45:42.666,06:44:30.6134,12.52,2457301.723609,7.7e-05,2.9444273,1.4e-07,6.29,20.896621559421888,2.41,0.13,10.21,88.4,0.0,0.0
WASP-24b,low,+02:20:35.964,15:08:51.7366,11.22,2455596.44876,0.00018,2.3412205,3.2e-07,5.19,11.230783393169473,2.75,0.1018,5.94,83.9,0.0,0.0
WASP-25b,low,-27:31:19.920,13:01:26.3760,11.87,2457744.72776,0.00017,3.76483342,3.7e-07,5.41,22.977078155205746,2.76,0.1387,11.22,88.1,0.0,0.0
WASP-26b,low,-15:16:02.277,00:18:24.7008,11.3,2457309.62113,0.00025,2.75659747,4.6e-07,5.93,9.113504556752279,2.3,0.0991,6.64,82.8,0.0,0.0
WASP-28b,low,-01:34:48.112,23:34:27.8815,12.03,2457618.64044,0.00014,3.40883502,5e-07,5.41,16.137346957562368,3.29,0.116,8.62,88.3,0.0,0.0
WASP-29b,medium,-39:54:24.259,23:51:31.0840,11.33,2457866.07613,0.00011,3.92271183,3.1e-07,5.0,12.298628371536408,2.63,0.0982,12.36,89.2,0.0,0.0
WASP-31b,medium,-19:03:17.216,11:17:45.3578,11.66,2457277.09226,0.00012,3.4058875,2.7e-07,5.68,15.87959127312897,2.67,0.1271,8.0,84.41,0.0,0.0
WASP-32b,low,+01:12:01.586,00:15:50.8077,11.26,2457679.41111,0.00023,2.71866201,4e-07,5.12,13.458528951486697,2.42,0.1114,7.8,85.3,0.018,130.0
WASP-33b,low,+37:33:01.737,02:26:51.0582,8.14,2454163.22451,0.00026,1.2198669,1.2e-06,5.0,13.366473349903341,2.87,0.1066,3.6194,87.67,0.0,0.0
WASP-34b,low,-23:51:38.384,11:01:35.8978,10.28,2458654.3645,0.00013,4.31768411,5.4e-07,5.0,10.126116174169198,2.11,0.1123,10.5,85.2,0.038,319.8
WASP-35b,medium,-06:13:47.376,05:04:19.6324,10.94,2458120.804421,6.8e-05,3.16156853,1.7e-07,5.0,18.457148117462946,3.16,0.1241,8.34,88.0,0.0,0.0
WASP-36b,low,-08:01:37.012,08:46:19.2977,12.7,2456848.926095,5.6e-05,1.537365595,9.4e-08,6.49,19.580226456779894,1.82,0.1368,5.85,83.15,0.0,0.0
WASP-37b,medium,+01:03:53.802,14:47:46.5618,12.704,2458021.72946,0.00018,3.57747894,4.3e-07,7.56,17.389303139096015,3.14,0.1195,9.6,88.8,0.0,0.0
WASP-38b,high,+10:01:57.284,16:15:50.3652,9.39,2456992.0459,0.001,6.8718851,4.3e-06,5.0,8.653226548835496,4.66,0.0844,12.31,89.7,0.031,344.0
WASP-39b,medium,-03:26:40.203,14:29:18.4151,12.09,2456888.031364,8e-05,4.05528043,3.2e-07,6.02,25.09435699162294,2.88,0.1457,11.37,87.75,0.0,0.0
WASP-41b,low,-30:38:23.527,12:42:28.4949,11.63,2457077.229441,7.1e-05,3.05240175,1.8e-07,5.0,22.995489275522417,2.61,0.1365,9.96,88.7,0.0,0.0
WASP-42b,low,-42:04:25.094,12:51:55.5580,12.57,2456821.262602,7.2e-05,4.9816816,3.6e-07,5.24,19.681487618521587,2.9,0.1293,13.5,88.0,0.0,0.0
WASP-43b,low,-09:48:22.603,10:19:38.0089,12.4,2457202.184881,3.1e-05,0.813474056,2.1e-08,5.85,27.368130350731843,1.23,0.1594,4.867,82.11,0.0,0.0
WASP-44b,low,-11:56:17.286,00:15:36.7694,12.9,2456338.45823,0.00011,2.42381127,2.1e-07,8.38,17.92322562827948,2.24,0.126,8.1,86.0,0.0,0.0
WASP-45b,high,-35:59:53.747,00:20:56.9940,11.8,2458536.08601,0.00023,3.12607728,7.1e-07,7.21,11.304427874436158,1.74,0.1163,9.5,84.69,0.0,0.0
WASP-46b,medium,-55:52:18.460,21:14:56.8596,12.9,2457715.24083,0.00012,1.43037192,1.2e-07,8.07,20.178587867071712,1.65,0.1407,5.85,82.8,0.0,0.0
WASP-47b,low,-12:01:08.000,22:04:48.7262,11.99,2457182.61643,0.00015,4.15915035,6.3e-07,5.41,12.896989781828223,3.57,0.10193,9.7,88.98,0.0,0.0
WASP-48b,low,+55:28:23.331,19:24:38.9615,11.65,2458106.26314,0.00013,2.14363679,2e-07,6.08,9.840743809260793,3.11,0.0958,4.7,82.0,0.0,0.0
WASP-49b,low,-16:57:55.108,06:04:21.4734,11.35,2457377.596934,8e-05,2.78173691,1.4e-07,5.0,13.274417748319985,2.16,0.116,8.009,84.48,0.0,0.0
WASP-50b,low,-10:53:53.026,02:54:45.1342,11.44,2458567.500626,8.6e-05,1.9550929,1.7e-07,5.08,20.822977078155205,1.81,0.1404,7.53,84.74,0.009,44.0
WASP-52b,low,+08:45:40.571,23:13:58.7575,12.0,2456784.057988,6.8e-05,1.74978117,1.6e-07,5.76,30.42437632329927,1.82,0.1646,7.38,85.35,0.0,0.0
WASP-53b,medium,-20:39:42.761,02:07:38.2093,12.6,2457267.50478,0.00012,3.30984278,2.6e-07,6.55,20.91503267973856,2.26,0.1353,11.05,87.08,0.0,0.0
WASP-54b,high,-00:07:41.033,13:41:49.0301,10.41,2459163.93328,0.00018,3.69359933,7e-07,5.0,9.877566049894137,4.47,0.0927,5.87,85.0,0.07,62.0
WASP-55b,low,-17:30:12.526,13:35:01.9537,11.75,2457207.132185,8e-05,4.46563013,4.2e-07,5.02,18.87139832458805,3.56,0.1246,10.66,89.0,0.0,0.0
WASP-56b,low,+23:03:20.429,12:13:27.8908,11.48,2456229.44235,0.00024,4.61705992,9.9e-07,5.0,12.372272852803093,3.63,0.1009,10.39,88.5,0.0,0.0
WASP-57b,low,-02:03:27.599,14:55:16.8228,13.04,2456410.57496,0.00012,2.838918,4.9e-07,7.63,15.382491024578846,2.33,0.1182,8.75,86.0,0.0,0.0
WASP-58b,low,+45:10:19.259,18:18:48.2530,11.66,2458986.98151,0.00015,5.0172133,1.1e-06,5.0,16.69888612722084,3.8,0.12,10.3,87.4,0.0,0.0
WASP-59b,high,+24:53:21.436,23:18:29.5475,12.78,2455830.95634,0.00053,7.919585,1e-05,6.41,21.40292736813035,2.47,0.13,24.39,89.27,0.1,74.0
WASP-60b,low,+31:09:21.372,23:46:39.9747,12.18,2458020.07381,0.00035,4.3050061,1.5e-06,8.86,7.0054312804934185,3.34,0.077,10.0,87.9,0.0,0.0
WASP-61b,medium,-26:03:14.966,05:01:11.9187,12.49,2457128.11889,0.00019,3.85589659,5e-07,5.79,10.641627543035995,4.06,0.0938,7.93,89.3,0.0,0.0
WASP-62b,high,-63:59:18.386,05:48:33.5937,10.21,2458851.099338,2.7e-05,4.41193868,2.4e-07,5.0,14.65525177207033,3.81,0.1109,9.52,88.3,0.0,0.0
WASP-63b,medium,-38:19:23.754,06:17:20.7486,11.15,2458574.77102,0.00017,4.37808205,7e-07,5.78,7.419681487618521,5.43,0.078,6.49,87.8,0.0,0.0
WASP-64b,medium,-32:51:30.178,06:44:27.6052,12.29,2457133.866164,7.8e-05,1.573290273,8.2e-08,6.25,18.521587038571298,2.42,0.1234,5.39,86.6,0.0,0.0
WASP-65b,low,+08:31:22.811,08:53:17.8286,12.45,2458500.69694,0.0001,2.3114205,1.7e-07,5.32,15.787535671545612,2.75,0.1131,7.11,88.8,0.0,0.0
WASP-66b,medium,-34:59:23.456,10:32:53.9927,11.6,2457477.71072,0.00027,4.08605198,7.2e-07,6.94,7.603792690785234,4.54,0.0817,6.71,85.9,0.0,0.0
WASP-67b,medium,-19:56:58.523,19:42:58.5217,12.54,2456650.35461,0.00013,4.61441644,6.9e-07,6.48,10.687655343827672,1.75,0.1345,12.83,85.8,0.0,0.0
WASP-68b,alert,-19:18:52.921,20:20:22.9859,10.67,2456802.08922,0.0003,5.0843144,1.1e-06,5.7,6.775292276535027,5.14,0.075,7.9,88.1,0.0,0.0
WASP-69b,low,-05:05:40.037,21:00:06.1969,9.87,2457269.01322,0.00027,3.86813888,9.1e-07,5.0,18.91742612537973,2.24,0.1336,11.953,86.71,0.0,0.0
WASP-70Ab,medium,-13:25:59.710,21:01:54.4800,10.79,2456319.44793,0.0003,3.71301695,9e-07,5.0,11.341250115069501,3.35,0.0985,8.58,87.1,0.0,0.0
WASP-71b,high,+00:45:31.878,01:57:03.2040,10.56,2458720.93288,0.00017,2.90368321,4.1e-07,7.7,5.210347049617969,5.07,0.0666,4.4,84.9,0.0,0.0
WASP-72b,high,-30:10:08.561,02:44:09.6097,10.96,2458789.06301,0.00017,2.21674331,7.7e-07,8.94,4.805302402651201,3.85,0.066,4.0,81.6,0.0,0.0
WASP-73b,high,-58:08:55.993,21:19:47.9065,10.47,2458462.55487,0.00022,4.0873001,1.1e-06,9.51,3.903157507134309,5.62,0.057,5.73,87.4,0.0,0.0
WASP-74b,low,-01:04:32.610,20:18:09.3209,9.75,2457103.325971,8.5e-05,2.13775367,4.7e-07,5.0,8.570376507410476,2.34,0.098,4.861,79.81,0.0,0.0
WASP-75b,medium,-10:40:31.927,22:49:32.5677,11.46,2457131.671596,6.9e-05,2.4841976,2.7e-07,6.35,9.13191567706895,1.98,0.1034,6.37,82.0,0.0,0.0
WASP-76b,medium,+02:42:02.033,01:46:31.8576,9.52,2459305.914867,5.8e-05,1.80988043,2.7e-07,5.0,14.406701647795268,3.79,0.109,4.07,88.0,0.0,0.0
WASP-77Ab,low,-07:03:38.39,02:28:37.226,10.12,2458693.870688,3.9e-05,1.360028949,7.5e-08,5.0,21.10834944306361,2.18,0.1301,5.41,89.4,0.0,0.0
WASP-78b,medium,-22:06:59.103,04:15:01.5043,11.96,2457966.18625,0.00017,2.175185,2.7e-07,9.65,7.364448126668507,4.8,0.0794,3.52,83.2,0.0,0.0
WASP-79b,medium,-30:36:01.610,04:25:29.0168,10.04,2458588.686701,5.9e-05,3.66239163,3.9e-07,5.0,14.194973764153549,3.85,0.113,7.02,85.4,0.0,0.0
WASP-80b,low,-02:08:39.191,20:12:40.1691,11.939,2456726.717483,4.4e-05,3.06785251,1.8e-07,5.0,37.06158519745926,2.14,0.1714,12.63,89.02,0.002,94.0
WASP-81b,low,+03:17:38.454,20:16:49.8900,12.47,2457705.94057,0.00023,2.71648416,4e-07,6.41,15.336463223787167,3.5,0.112,6.56,88.7,0.0,0.0
WASP-82b,low,+01:53:38.103,04:50:38.5586,10.07,2458217.09214,0.00014,2.70578401,5.5e-07,5.0,7.511737089201878,5.1,0.079,4.37,87.9,0.0,0.0
WASP-83b,high,-19:17:03.470,12:40:36.4947,12.88,2458046.65664,0.0002,4.97129251,6.8e-07,5.33,12.758906379453189,3.42,0.102,11.98,88.9,0.0,0.0
WASP-84b,low,+01:51:36.106,08:44:25.7032,10.83,2456763.4224,9.2e-05,8.52349665,8.7e-07,5.0,18.337475835404586,2.75,0.1295,22.191,88.37,0.0,0.0
WASP-85Ab,low,+06:33:49.419,11:43:38.0162,10.41,2456929.798775,1.5e-05,2.655674403,8.6e-08,5.0,23.225628279480805,2.64,0.136814,8.74,89.73,0.0,0.0
WASP-87b,low,-52:50:26.999,12:21:17.9260,10.73,2458276.86087,0.00015,1.68279422,2.2e-07,5.43,8.358648623768756,3.05,0.08746,3.89,81.07,0.0,0.0
WASP-88b,high,-48:27:43.425,20:38:02.6869,11.4,2458248.26526,0.00021,4.9540032,1.3e-06,5.81,8.450704225352112,6.07,0.084,6.64,88.0,0.0,0.0
WASP-89b,medium,-18:58:16.047,20:55:35.9893,13.1,2456905.15681,0.00012,3.35641798,3.3e-07,7.21,18.83457608395471,2.46,0.1221,10.51,89.4,0.193,28.0
WASP-90b,medium,+07:03:22.517,21:02:07.6771,11.7,2457292.95577,0.00026,3.9162637,7.4e-07,8.12,6.554358832734971,3.39,0.0843,6.119,82.1,0.0,0.0
WASP-91b,low,-70:09:10.276,23:51:22.8514,11.98,2458514.194235,7.7e-05,2.79857894,2.3e-07,5.0,17.573414342262726,2.36,0.1225,9.1,86.8,0.0,0.0
WASP-92b,low,+51:02:27.892,16:26:46.0987,12.92,2458201.48562,0.00018,2.17467324,3.8e-07,7.61,13.753106876553437,2.8,0.112,5.59,83.8,0.0,0.0
WASP-93b,low,+51:17:19.559,00:37:50.1100,11.09,2458262.8624,0.00023,2.73253774,5.3e-07,6.1,8.837337752002208,2.24,0.1047,5.94,81.2,0.0,0.0
WASP-94Ab,high,-34:08:08.007,20:55:07.9445,10.05,2458300.64763,0.00013,3.9502001,6e-07,5.0,14.50796280953696,4.57,0.1094,7.27,88.7,0.0,0.0
WASP-95b,high,-48:00:11.049,22:29:49.7357,10.09,2458553.711158,8.8e-05,2.18466642,3.1e-07,5.0,12.906195341986558,2.85,0.1025,6.4,88.4,0.0,0.0
WASP-96b,low,-47:21:38.322,00:04:11.1376,12.2,2457905.61129,0.00012,3.42525674,3.9e-07,5.98,14.323851606370248,2.45,0.1175,9.255,85.6,0.0,0.0
WASP-97b,low,-55:46:19.526,01:38:25.0566,10.57,2458554.475352,7.4e-05,2.07275965,2.1e-07,5.0,14.544785050170303,2.62,0.1091,6.59,88.0,0.0,0.0
WASP-98b,medium,-34:19:41.585,03:53:42.9206,13.0,2457213.296469,6.9e-05,2.96264191,2.3e-07,6.98,26.38313541378993,1.94,0.1582,10.92,86.38,0.0,0.0
WASP-99b,high,-50:00:28.878,02:39:35.4435,9.48,2458807.8986,0.0002,5.7525875,2.6e-06,6.4,4.943385805026236,5.38,0.064,8.59,88.8,0.0,0.0
WASP-100b,high,-64:01:37.332,04:35:50.3302,10.8,2458853.880674,4.9e-05,2.84938224,3.7e-07,5.26,8.11930405965203,3.9,0.087,4.97,82.6,0.0,0.0
WASP-101b,medium,-23:29:10.296,06:33:24.2672,10.34,2458387.832522,8.6e-05,3.585707,2.6e-07,5.0,12.814139740403203,2.72,0.1122,8.445,85.0,0.0,0.0
WASP-103b,low,+07:11:00.119,16:37:15.5753,12.1,2457308.324538,3e-05,0.925545386,5.6e-08,5.66,16.34907484120409,2.67,0.1158,3.013,88.2,0.0,0.0
WASP-104b,low,+07:26:06.294,10:42:24.6020,11.12,2457938.581063,2.4e-05,1.75540576,1.3e-07,5.0,15.133940900303784,1.78,0.1214,6.52,83.63,0.0,0.0
WASP-105b,medium,-50:39:33.184,01:36:40.3525,12.04,2457607.807454,4.8e-05,7.87289166,3.8e-07,5.53,15.17996870109546,3.72,0.10954,17.9,89.7,0.0,0.0
WASP-106b,high,-05:04:45.941,11:05:43.1363,11.21,2457652.83877,0.00018,9.2897057,1.3e-06,6.21,7.787903893951947,5.37,0.0801,14.2,89.5,0.0,0.0
WASP-107b,low,-10:08:46.223,12:33:32.8440,11.47,2457515.672118,7.5e-05,5.72148926,8.5e-07,5.0,27.39574703120685,2.77,0.1446,17.96,89.56,0.0,0.0
WASP-110b,high,-44:03:30.509,20:23:29.4437,12.59,2457934.73871,0.00015,3.77840121,8.2e-07,6.99,23.566234005339226,2.83,0.1396,11.07,88.16,0.0,0.0
WASP-113b,low,+46:57:36.480,14:59:29.4780,11.771,2457224.351204,3.9e-05,4.54216695,8.3e-07,5.7,9.29761575991899,4.33,0.0899,7.87,86.5,0.0,0.0
WASP-114b,low,+10:27:46.711,21:50:39.7729,12.743,2457522.66047,0.00024,1.54877501,3.4e-07,6.96,10.742888704777686,2.83,0.0963,4.29,84.0,0.012,289.0
WASP-117b,high,-50:17:04.312,02:27:06.0977,10.14,2458728.334175,6.8e-05,10.0205933,2.9e-06,5.0,9.601399245144066,5.93,0.09,17.4,89.1,0.302,242.0
WASP-118b,medium,+02:42:10.251,01:18:12.1381,11.04,2457888.34009,0.00021,4.04605063,9.4e-07,5.83,8.008837337752,4.92,0.08173,6.707,88.24,0.0,0.0
WASP-119b,low,-65:11:37.864,03:43:44.0213,12.2,2458834.869823,6.6e-05,2.49980447,4.3e-07,5.48,14.692074012703673,2.96,0.114,6.3,85.0,0.0,0.0
WASP-120b,medium,-45:53:53.575,04:10:27.8559,10.96,2458538.1233,0.00018,3.61126721,7.8e-07,7.23,6.379453189726594,3.59,0.0809,5.9,82.5,0.057,333.0
WASP-121b,low,-39:05:50.570,07:10:24.0606,10.51,2458661.563783,3e-05,1.274924762,4.6e-08,5.0,18.68728712142134,2.94,0.1245,3.754,87.6,0.0,0.0
WASP-123b,low,-32:51:35.954,19:17:55.0316,11.03,2458735.97535,0.0001,2.97764359,5.2e-07,5.0,12.602411856761483,3.11,0.1054,7.13,85.7,0.0,0.0
WASP-124b,low,-30:44:58.762,22:10:51.4418,12.7,2457433.302137,6.8e-05,3.37264959,2.7e-07,6.41,16.901408450704224,2.6,0.1241,9.4,86.3,0.0,0.0
WASP-126b,medium,-69:13:36.561,04:13:29.7455,11.203,2458827.416215,5.7e-05,3.28878703,4.4e-07,6.52,7.3368314461935,3.44,0.0781,7.63,87.9,0.0,0.0
WASP-127b,low,-03:50:06.259,10:42:14.0835,10.172,2458385.175527,9.1e-05,4.17806513,5.7e-07,5.0,12.289422811378072,4.32,0.1004,7.95,88.2,0.0,0.0
WASP-129b,low,-42:03:50.222,11:45:11.7561,12.18,2457745.95505,0.00012,5.74813571,7.8e-07,5.07,12.510356255178127,2.67,0.1068,15.2,87.7,0.0,0.0
WASP-130b,medium,-42:28:30.964,13:32:25.4360,11.1,2457937.62925,0.00022,11.5509711,2.1e-06,5.0,10.420694099235938,3.74,0.0957,22.66,88.66,0.0,0.0
WASP-131b,high,-30:35:00.837,14:00:46.4447,10.07,2458117.27707,0.00026,5.322012,1.7e-06,5.37,6.784497836693363,3.89,0.0815,8.376,85.0,0.0,0.0
WASP-132b,medium,-46:09:33.122,14:30:26.1892,12.4,2458809.72813,0.0002,7.133513,1.7e-06,5.0,18.74252048237135,3.14,0.1208,19.31,89.6,0.0,0.0
WASP-133b,low,-35:47:47.712,20:58:18.0896,12.9,2457338.98344,0.00014,2.1764238,4.7e-07,8.53,8.957010034060573,3.42,0.086,5.16,87.0,0.0,0.0
WASP-135b,low,+29:52:44.741,17:49:08.3939,13.28,2459046.94408,0.00019,1.40137864,3.9e-07,7.85,19.0647150879131,1.65,0.139,5.53,82.0,0.0,0.0
WASP-136b,high,-08:55:34.653,00:01:18.1800,9.928,2459113.38589,0.00042,5.2153545,3.6e-06,7.65,4.538341158059468,5.69,0.0641,6.2884,84.7,0.0,0.0
WASP-138b,low,-00:27:50.316,02:46:33.3867,11.79,2458257.03694,0.00036,3.6344327,1.5e-06,7.22,8.202154101077051,4.02,0.0826,7.39,88.5,0.0,0.0
WASP-139b,medium,-41:18:07.664,03:18:14.9435,12.48,2458363.8746,0.00021,5.9242672,1.5e-06,6.27,12.989045383411579,2.77,0.1034,17.19,88.9,0.0,0.0
WASP-140b,medium,-20:27:03.910,04:01:32.5498,11.12,2458533.440604,7.2e-05,2.23598448,2.5e-07,5.0,12.943017582619902,1.45,0.1432,7.94,83.3,0.047,356.0
WASP-141b,low,-17:06:54.594,04:47:17.8561,12.4,2458026.03877,0.00025,3.31066699,8e-07,7.14,9.923593850685814,3.59,0.0911,7.4,87.6,0.0,0.0
WASP-142b,medium,-23:56:46.202,09:22:01.5338,12.3,2458032.1611,0.00029,2.0528705,5.5e-07,8.98,9.058271195802265,2.76,0.0957,4.524,80.2,0.0,0.0
WASP-144b,medium,-40:02:53.763,21:23:03.0947,13.18,2457740.52399,0.00013,2.27831337,3.2e-07,7.74,13.762312436711772,2.1,0.1079,8.39,86.9,0.0,0.0
WASP-145Ab,medium,-58:50:10.300,21:29:00.6895,11.59,2458429.22423,0.00013,1.76903814,2.2e-07,8.08,9.38046580134401,1.04,0.1289,8.09,83.3,0.0,0.0
WASP-147b,high,-22:09:11.525,23:56:45.9687,12.68,2458684.46059,0.00059,4.602744,2.8e-06,8.09,7.705053852526925,4.4,0.08,8.3,87.9,0.0,0.0
WASP-148b,ttvs,+44:18:09.549,16:56:31.3399,12.04,2457957.4885,0.0059,8.80381,4.3e-05,7.95,8.091687379177023,3.01,0.0807,19.8,89.8,0.22,59.0
WASP-150b,low,+53:01:16.481,17:37:03.1320,12.03,2459034.6987,0.00065,5.6442072,2.9e-06,14.34,4.326613274417748,2.95,0.0653,11.25,86.2284878957226,0.0,0.0
WASP-151b,low,+00:18:24.245,23:16:15.2317,12.9,2458058.35164,0.00014,4.5334682,1.1e-06,6.47,12.473534014544786,3.66,0.1011,10.34,89.2,0.0,0.0
WASP-153b,low,+40:01:07.282,18:37:02.9816,12.8,2458914.62179,0.00041,3.3326083,1.6e-06,7.58,9.242382398968976,3.86,0.092,6.0,84.1,0.0,0.0
WASP-156b,medium,+02:25:04.876,02:11:07.6236,11.587,2459058.61134,0.00014,3.83616488,9.7e-07,9.18,5.919175181809813,2.41,0.0685,12.8,89.1,0.0,0.0
WASP-157b,high,-08:19:03.351,13:26:37.2697,12.91,2457846.594001,3.6e-05,3.95161588,3e-07,9.67,7.585381570468563,1.94,0.0944,10.04,84.93,0.0,0.0
WASP-158b,medium,-10:58:35.097,00:16:35.1213,12.04,2458362.15514,0.00054,3.6563308,2.2e-06,8.54,7.364448126668507,3.61,0.079,8.0,87.7,0.0,0.0
WASP-159b,high,-38:58:05.954,04:32:32.7560,12.84,2458724.20161,0.00066,3.8404213,3.7e-06,11.32,5.486513854368038,5.71,0.0673,5.44,88.1,0.0,0.0
WASP-160Bb,medium,-27:37:23.418,05:50:43.0631,13.09,2458397.38023,0.00021,3.76849254,7.9e-07,6.98,20.712510356255176,2.85,0.129,11.25,89.0,0.0,0.0
WASP-161b,alert,-11:30:03.551,08:25:21.0836,11.08,2458940.91459,0.00015,5.4056202,1.2e-06,8.06,5.4220749332596885,4.9,0.0671,8.922,89.01,0.0,0.0
WASP-162b,medium,-17:39:27.885,11:13:10.2913,12.21,2458288.48694,0.00027,9.6246647,3.5e-06,5.56,10.81653318604437,4.27,0.0933,17.0,89.3,0.434,358.1
WASP-163b,low,-10:24:46.742,17:06:09.0131,12.663,2457918.46277,0.0004,1.6096884,1.5e-06,6.22,16.63444720611249,2.26,0.119,5.62,85.42,0.0,0.0
WASP-164b,low,-60:26:52.115,22:59:29.6187,12.62,2458424.74756,0.00017,1.77713687,2.9e-07,6.64,14.425112768111939,1.62,0.1242,6.5,82.73,0.0,0.0
WASP-165b,medium,-17:04:39.291,23:50:19.3250,12.683,2458425.9854,0.00079,3.4655064,3.5e-06,12.71,6.241369787351561,4.24,0.074,5.9,84.9,0.0,0.0
WASP-166b,high,-20:58:56.877,09:39:30.0860,9.35,2458704.04579,0.00031,5.4435423,3.1e-06,10.14,3.2863849765258215,3.6,0.05301,11.3,88.0,0.0,0.0
WASP-167b,medium,-35:32:58.321,13:04:10.5340,10.52,2458117.02169,0.00019,2.02195933,3.3e-07,5.37,8.312620822977077,2.98,0.0906,4.23,79.9,0.0,0.0
WASP-168b,low,-46:49:17.226,06:26:58.7141,12.12,2458737.08435,0.00031,4.1536573,1.5e-06,7.4,8.754487710577187,1.91,0.1309,9.881,84.4,0.0,0.0
WASP-169b,high,-12:56:41.106,08:29:32.9490,12.17,2458763.18829,0.00059,5.6114206,4.5e-06,9.76,5.3484304519930035,6.09,0.0668,7.3,87.9,0.0,0.0
WASP-170b,low,-20:43:13.344,09:01:39.9237,12.613,2458571.47948,0.00015,2.34477786,4.9e-07,6.11,14.52637392985363,2.06,0.1175,7.71,84.87,0.0,0.0
WASP-171b,low,-44:05:19.299,11:27:22.8248,12.573,2458594.43561,0.00087,3.8186258,5.9e-06,14.48,4.621191199484488,4.61,0.061806148561449774,6.64,88.3,0.0,0.0
WASP-172b,high,-47:14:15.277,13:17:44.1223,10.99,2458856.24722,0.0002,5.4774317,1.1e-06,5.4,8.257387462027065,5.41,0.0849,7.69,86.7,0.0,0.0
WASP-173Ab,medium,-34:36:40.562,23:36:40.3765,11.15,2458504.95428,9.7e-05,1.38665333,2.3e-07,5.0,14.489551689220288,2.32,0.1109,4.78,85.2,0.0,0.0
WASP-174b,medium,-41:23:05.412,13:03:10.5634,11.79,2458503.1897,0.00018,4.2336995,1.8e-06,9.66,6.462303231151615,2.05,0.0927,9.17,84.2,0.0,0.0
WASP-175b,medium,-34:07:21.976,11:05:16.5422,12.959,2457744.5874,0.00027,3.06529495,8.7e-07,7.03,11.479333517444537,2.69,0.1032,7.86,85.33,0.0,0.0
WASP-176b,high,+09:10:44.724,20:54:44.9567,12.01,2458234.17788,0.0007,3.89905,0.0001,7.48,7.603792690785234,5.08,0.08,6.03,86.7,0.0,0.0
WASP-177b,low,-01:50:03.079,22:19:11.3367,12.46,2458584.14248,0.00017,3.07172019,6.9e-07,7.85,10.383871858602594,1.61,0.136,9.25,84.14,0.0,0.0
WASP-178b,alert,-42:42:17.789,15:09:04.8930,9.95,2456927.06917,0.00047,3.3448285,1.2e-06,5.0,13.467734511645034,3.49,0.1115,7.17,85.7,0.0,0.0
WASP-180Ab,medium,-01:58:57.985,08:13:34.1536,10.68,2458206.519399,4.9e-05,3.4092646,2.5e-07,5.0,14.52637392985363,3.2,0.11091,8.75,88.1,0.0,0.0
WASP-181b,low,+03:07:58.897,01:47:10.3796,12.91,2458741.95975,0.00012,4.51949982,6e-07,7.4,18.98186504648808,3.07,0.1261,12.09,88.38,0.0,0.0
WASP-182b,high,-41:49:15.202,20:46:41.5598,11.98,2458018.66098,0.00067,3.3769848,2.4e-06,15.12,4.179324311884378,2.6,0.0653,7.29,83.88,0.0,0.0
WASP-183b,low,-00:44:13.811,10:55:09.3535,13.01,2459465.56094,0.00025,4.1117634,5.1e-06,7.74,22.92184479425573,2.09,0.195,11.44,85.37,0.0,0.0
WASP-184b,alert,-30:20:53.271,13:58:04.0876,12.72,2457630.0088,0.001,5.1817,1e-05,9.69,8.018042897910338,4.8,0.0831,8.19,86.9,0.0,0.0
WASP-185b,alert,-19:32:32.208,14:16:14.3136,11.019,2456935.9828,0.002,9.38755,2e-05,6.57,6.950197919543403,4.67,0.0854,12.9,86.8,0.24,318.0
WASP-186b,low,+21:37:01.006,01:15:58.8508,10.81,2458911.37522,0.00034,5.0267952,1.4e-06,8.13,5.6430083770597435,2.7,0.0781,8.78,83.59,0.33,173.0
WASP-187b,alert,+25:40:54.103,01:09:53.9653,10.29,2455197.3537,0.002,5.147878,5e-06,10.25,3.498112860167541,5.94,0.0592,4.96,81.19,0.0,0.0
WASP-189b,high,-03:01:52.986,15:02:44.8678,6.618,2456706.4566,0.0023,2.7240308,2.8e-06,5.0,5.523336095001381,4.39,0.07045,4.6,84.03,0.0,0.0
WASP-190b,high,-40:34:24.319,00:30:50.2350,11.65,2458507.6709,0.00033,5.3677675,2.5e-06,7.51,7.125103562551781,4.54,0.0787,8.89,87.1,0.0,0.0
WASP-192b,low,-38:44:40.344,14:54:38.0915,12.67,2459079.13701,0.00038,2.8786676,1.6e-06,10.17,8.432293105035441,2.33,0.0962,6.65,82.7,0.0,0.0
Wolf503b,high,-06:08:12.729,13:47:23.4437,10.28,2458185.3609,0.0005,6.00118,0.00011,57.52,0.8100892939335358,1.32,0.0269,28.8,88.8,0.0,0.0
XO-1b,low,+28:10:10.419,16:02:11.8463,11.25,2455787.553228,7.7e-05,3.94150468,2e-07,5.0,21.41213292828869,2.97,0.1326,11.24,88.8,0.0,0.0
XO-2Nb,low,+50:13:32.921,07:48:06.4726,11.138,2457417.57469,0.00013,2.61585982,1.7e-07,5.0,13.486145631961705,2.71,0.1049,7.93,88.0,0.0,0.0
XO-3b,low,+57:49:01.892,04:21:52.7044,9.85,2457417.98678,0.00013,3.19152449,2e-07,5.0,8.036454018227008,2.94,0.0882,7.05,84.11,0.2769,347.2
XO-4b,low,+58:16:05.111,07:21:33.1602,10.81,2456878.47303,0.00023,4.12506679,4.8e-07,5.0,9.34364356071067,4.43,0.0881,7.68,88.8,0.0,0.0
XO-5b,low,+39:05:40.460,07:46:51.9615,12.1,2456399.47297,0.00026,4.18775631,4.9e-07,5.63,12.224983890269721,3.12,0.1039,9.85,86.8,0.0,0.0
XO-6b,low,+73:49:39.591,06:19:10.3709,10.25,2458994.53906,0.0001,3.76499245,9.7e-07,5.0,13.044278744361593,2.9,0.11,9.08,86.0,0.0,0.0
XO-7b,low,+85:13:59.575,18:29:54.9290,10.52,2459111.81975,0.00011,2.8641356,1e-06,5.0,9.260793519285649,2.79,0.09532,6.43,83.45,0.0,0.0
piMenc,high,-80:28:08.831,05:37:09.8851,5.67,2458820.66245,0.0003,6.2678293,5.2e-06,78.12,0.32219460554174717,2.97,0.01721,13.1,87.31,0.0,0.0
